age,department,job_level,monthly_income,overtime,job_satisfaction,commute_km,years_at_company,training_hours,attrition
27,Engineering,5,9952.14,no,3,12.0,1,50,yes
46,Sales,4,7865.3,no,5,7.2,0,23,no
38,Engineering,4,7908.72,no,5,2.4,4,15,no
52,Sales,5,10679.73,no,5,5.4,13,45,no
29,HR,5,9428.37,no,3,4.1,11,16,no
22,HR,2,5033.83,no,2,8.1,4,13,no
37,Engineering,2,3739.33,no,4,3.8,19,0,no
46,HR,4,7966.58,no,2,9.7,7,7,no
45,HR,3,6953.26,no,1,6.9,4,56,no
33,Operations,3,7376.17,no,3,11.5,15,55,no
37,Operations,3,8575.71,no,1,5.1,19,55,no
42,Operations,4,8403.82,no,3,7.5,0,48,no
32,Sales,4,7302.2,no,1,19.8,14,21,yes
26,Sales,4,8056.17,no,2,12.6,8,31,yes
49,Finance,4,9346.93,yes,1,4.4,23,2,no
35,Finance,2,5589.35,no,2,23.8,17,47,no
24,Sales,1,4342.79,no,3,18.6,6,32,no
55,Operations,5,11910.37,no,3,12.6,22,58,no
52,Engineering,5,10357.66,no,1,17.9,10,22,yes
55,HR,3,7779.42,no,3,19.7,15,21,no
25,Engineering,4,8479.69,no,5,8.4,7,60,no
36,Finance,4,6792.57,no,5,29.5,18,14,no
55,Finance,1,6360.31,no,5,2.4,24,1,no
38,Sales,4,9535.97,no,2,10.4,20,60,no
47,Finance,3,7509.64,yes,5,6.4,3,13,no
27,HR,4,7345.45,no,1,23.8,9,30,no
53,HR,4,8329.35,no,4,4.5,1,59,no
42,Finance,3,8213.24,yes,5,28.1,13,34,yes
40,Sales,5,10121.45,no,4,16.2,22,35,yes
27,HR,2,5673.15,no,4,2.9,9,8,no
21,Engineering,5,9658.02,no,4,6.2,3,22,no
36,Finance,1,4633.08,yes,4,13.2,18,52,no
25,Finance,3,7599.4,yes,4,4.2,7,10,no
35,HR,2,7250.54,no,5,7.7,17,11,no
47,Engineering,5,9717.04,yes,4,6.0,10,48,no
58,Operations,5,9774.33,no,4,15.5,0,40,no
59,Engineering,1,5728.6,no,1,5.3,6,13,yes
48,Engineering,2,5908.05,yes,1,2.8,1,51,no
46,Sales,5,9664.09,no,4,8.5,25,15,no
58,Operations,1,6487.91,yes,2,7.4,6,50,no
41,Engineering,1,4638.88,no,2,5.5,9,3,no
60,Sales,5,10993.06,yes,5,9.5,2,58,no
35,HR,1,3932.23,no,4,22.6,17,26,no
40,Operations,5,8922.81,yes,4,11.5,3,14,no
59,Engineering,1,5563.21,no,1,9.2,23,28,no
46,HR,3,7038.9,yes,3,14.5,6,14,yes
24,Engineering,4,7922.21,no,3,6.0,3,48,no
41,Finance,2,5755.8,no,3,8.3,4,28,no
38,HR,2,5512.04,no,1,4.2,18,24,no
30,Engineering,4,7528.5,no,2,10.1,3,9,no
48,HR,5,10623.71,yes,2,12.7,10,14,no
59,HR,2,6587.89,no,1,13.2,6,1,no
58,Engineering,4,8009.12,yes,3,13.2,6,0,yes
55,Finance,3,7533.63,no,5,16.5,16,56,no
32,Sales,4,8466.25,no,2,10.0,5,16,yes
37,Engineering,3,7681.55,no,5,5.3,13,48,no
52,Finance,5,10193.85,yes,1,4.8,0,17,no
56,HR,5,10274.66,no,1,18.7,13,17,no
46,Sales,2,6701.61,yes,2,5.9,10,8,no
58,Engineering,3,7463.55,yes,4,24.7,24,57,yes
47,Finance,5,9997.83,yes,2,5.6,17,28,no
38,Operations,5,10583.08,no,5,8.5,12,21,no
47,Sales,5,10201.58,yes,4,4.9,4,42,yes
58,HR,1,5450.63,yes,5,10.5,3,14,no
33,Operations,4,7119.2,no,2,11.4,14,32,yes
40,Operations,1,5606.17,no,2,6.5,22,24,no
21,Sales,4,8568.26,no,4,9.0,3,1,no
32,Sales,1,4801.61,no,3,3.1,14,60,no
56,HR,5,11288.86,no,3,8.1,23,53,no
59,Operations,4,9522.14,no,1,11.1,18,46,no
42,Finance,2,6236.69,no,3,3.3,8,15,no
49,Finance,4,8889.7,no,2,6.3,16,10,no
58,HR,3,9478.7,no,2,9.2,16,22,no
52,Engineering,5,10538.4,yes,2,8.3,7,49,yes
37,Engineering,3,7659.73,no,5,3.4,12,55,no
24,Sales,3,6051.72,yes,5,14.0,6,18,no
28,Operations,1,3706.5,no,2,5.9,10,4,no
28,HR,5,8982.25,yes,5,4.7,10,27,no
33,Operations,4,8051.83,yes,5,13.8,15,50,no
23,Sales,4,9040.26,yes,3,7.6,5,38,no
27,HR,3,5903.48,no,4,5.8,9,44,no
60,HR,3,8652.82,no,4,7.8,15,4,no
54,Finance,4,8672.93,no,3,3.6,13,24,no
24,HR,5,10700.46,yes,5,7.0,6,0,no
26,Finance,5,10155.96,no,3,11.4,8,32,no
55,Sales,4,9610.67,no,3,1.4,10,36,no
54,Sales,4,9534.06,yes,4,4.4,21,23,no
36,Engineering,3,6969.21,yes,4,0.9,16,13,no
29,HR,1,4134.51,no,4,13.6,11,58,no
30,HR,2,5642.06,yes,5,3.3,12,51,no
26,Operations,4,7902.64,no,5,9.5,3,51,no
42,Operations,4,8794.94,no,3,9.8,19,41,no
54,Engineering,5,10305.95,yes,1,20.5,18,24,yes
42,Sales,1,5959.87,no,4,6.4,3,45,no
25,Finance,3,6498.17,yes,2,14.2,7,17,no
59,Engineering,3,9053.05,no,5,2.2,5,53,no
41,Finance,3,7944.33,no,5,19.9,5,4,yes
45,Engineering,1,5155.06,yes,3,16.4,16,50,yes
26,HR,3,6229.03,yes,4,11.5,3,54,no
24,Finance,3,7870.56,yes,1,7.7,6,48,no
31,Finance,3,5625.48,no,3,4.4,7,6,no
47,HR,2,6394.21,yes,4,0.6,15,13,no
29,Engineering,5,10383.85,no,4,1.9,11,57,no
40,Operations,4,7685.96,no,2,11.9,13,59,no
52,Finance,2,5986.98,yes,1,2.5,16,56,no
35,HR,3,7235.08,no,3,9.0,16,55,no
46,Finance,2,7225.42,no,3,9.9,4,57,no
23,HR,1,4030.79,no,3,12.2,5,41,no
33,Sales,3,6239.69,yes,4,6.5,14,21,no
35,HR,3,8652.09,no,3,32.4,9,57,yes
35,Sales,4,8741.0,no,4,10.2,11,30,no
36,HR,5,10926.72,no,5,12.6,18,20,no
46,Engineering,5,10254.22,no,5,0.9,24,41,no
45,Finance,3,8079.16,no,3,5.8,21,40,no
52,Sales,5,10162.18,no,2,20.8,21,45,no
60,HR,4,9573.83,no,5,6.7,10,56,no
35,Finance,4,8229.93,no,4,10.9,6,21,no
44,Sales,2,6308.76,no,5,2.8,3,27,no
46,Engineering,1,5239.44,no,4,9.3,20,8,no
56,Sales,4,8368.84,no,1,15.3,17,42,no
57,Finance,1,5718.49,no,5,3.2,5,13,no
50,HR,1,6244.19,no,5,9.4,22,58,no
40,Engineering,4,8166.07,no,2,20.2,22,45,no
29,Finance,2,6445.25,no,1,10.2,11,0,no
26,Finance,5,8794.27,yes,4,14.6,8,56,no
42,Finance,3,6525.92,no,2,9.0,7,2,no
50,Operations,5,10688.37,no,4,22.2,17,10,no
32,Finance,5,9725.4,yes,2,3.4,14,27,no
45,Sales,4,8958.49,yes,4,6.4,24,51,no
36,Operations,4,7945.96,no,1,8.8,18,34,no
27,Finance,4,7392.41,no,3,6.5,9,10,no
37,HR,1,5303.39,yes,5,4.3,5,49,no
44,Sales,2,6631.66,no,4,7.2,20,42,no
39,Engineering,2,6900.54,no,5,10.1,18,38,no
47,Operations,1,4867.82,no,1,9.0,12,33,no
52,Operations,3,8375.11,yes,4,1.9,18,23,no
56,Operations,1,5869.84,no,1,10.3,25,56,no
29,Sales,5,9395.38,yes,3,1.7,11,30,no
57,HR,5,11033.67,yes,2,7.5,1,52,yes
59,Finance,2,6260.63,no,3,5.0,7,40,no
44,HR,2,6949.44,no,3,10.2,11,44,no
43,Sales,4,9629.62,no,1,21.3,22,10,no
24,Finance,5,10623.69,no,4,15.3,6,36,no
38,Operations,1,3903.19,no,3,21.7,18,24,yes
50,Finance,3,7721.51,yes,1,12.8,23,11,no
24,HR,1,4281.97,no,4,12.4,6,32,no
25,HR,5,9336.39,yes,5,2.8,7,10,no
47,Finance,2,5775.94,no,3,10.8,5,19,no
35,Operations,1,5145.43,no,1,36.3,17,16,yes
51,Finance,5,10698.89,no,3,12.5,13,26,no
54,Operations,3,8529.1,no,5,5.6,15,11,no
29,HR,5,9902.4,no,1,12.6,9,49,no
21,Operations,3,7006.5,yes,1,7.8,3,42,no
37,Engineering,4,8351.86,no,1,12.2,15,33,no
26,HR,4,8582.88,no,2,6.2,8,13,no
41,Operations,3,7864.52,no,4,7.1,10,18,no
36,Sales,4,8224.47,no,3,8.5,9,17,no
41,Sales,2,5452.93,yes,5,8.9,19,5,no
59,Engineering,5,11784.98,yes,1,3.0,16,16,no
22,Finance,1,3566.18,no,4,10.6,4,33,no
56,HR,3,6602.81,no,5,12.3,10,7,no
48,Engineering,2,6600.15,yes,5,12.4,18,27,no
33,Finance,3,7950.08,yes,5,18.4,15,36,no
59,Engineering,1,5041.17,yes,2,13.5,25,10,no
53,Engineering,1,5858.83,no,2,8.2,8,28,no
37,Operations,2,7085.95,no,1,9.8,19,56,no
57,Operations,5,10346.7,no,2,15.0,0,15,yes
33,Finance,3,7109.61,yes,2,4.8,6,4,no
60,Operations,1,5055.2,no,3,13.1,25,29,no
58,Sales,2,7331.08,no,5,8.4,23,29,no
33,Sales,3,7397.0,no,3,6.9,8,0,no
25,Operations,1,4137.13,yes,4,2.9,0,17,no
29,Finance,3,7523.75,no,5,13.6,11,44,no
48,HR,2,6284.14,yes,4,12.4,1,27,no
28,Sales,4,7913.19,no,5,37.4,3,25,yes
42,Operations,4,8532.59,yes,2,1.4,7,10,no
47,HR,5,10324.83,no,4,4.4,7,18,no
53,Operations,5,9200.16,yes,3,7.1,0,16,yes
36,Engineering,3,7363.33,yes,3,11.4,4,36,yes
47,Finance,3,8176.46,no,5,21.8,16,52,yes
53,HR,2,6631.11,yes,4,5.1,21,17,no
42,Finance,1,5270.51,no,1,1.7,0,38,no
22,Finance,4,9028.1,yes,2,11.8,4,36,no
34,Engineering,5,9569.7,no,4,0.5,12,52,no
22,Sales,5,9832.25,no,5,18.6,4,30,no
23,HR,3,7700.35,no,3,12.8,5,33,no
31,Engineering,3,6878.81,yes,5,12.2,13,50,no
27,HR,1,3218.05,no,3,7.7,9,31,no
35,Engineering,1,5185.26,no,5,2.3,6,35,no
33,Finance,1,3814.56,no,5,7.9,11,11,no
27,Sales,4,8562.76,no,4,7.8,9,56,no
55,Sales,5,11337.37,no,2,10.5,25,6,no
38,Sales,1,3966.37,no,4,13.0,8,58,no
33,Operations,1,4835.84,no,5,11.8,15,0,no
23,Operations,5,9524.41,no,5,11.2,5,4,no
52,Finance,3,5830.02,no,2,8.7,3,15,no
50,Operations,5,9637.44,no,5,10.6,22,57,no
41,Sales,4,7630.58,yes,1,10.8,22,16,yes
43,Operations,5,11184.98,yes,4,11.7,1,58,no
40,Finance,5,10040.35,no,2,15.7,17,15,no
52,Finance,5,11948.06,no,3,17.7,4,27,yes
28,Engineering,1,4717.28,yes,3,17.9,10,58,yes
32,Sales,4,9072.68,no,5,2.6,10,7,no
57,Finance,3,6898.78,yes,4,6.0,21,40,no
60,Finance,5,10539.39,no,5,8.0,4,0,no
32,HR,5,10034.2,yes,2,1.6,14,16,no
38,Finance,5,9239.31,no,4,6.0,20,23,no
29,Sales,4,8308.0,no,3,7.4,11,55,no
40,HR,4,8097.83,no,4,14.7,8,11,no
43,Finance,4,8078.31,no,3,13.4,19,44,no
27,Engineering,4,7634.19,no,3,12.9,5,10,no
30,Engineering,3,5683.39,yes,3,3.3,12,14,no
33,HR,5,9515.77,no,5,1.7,14,42,no
31,Finance,1,4065.42,no,3,11.3,5,6,no
41,HR,1,5411.21,no,3,5.2,23,0,no
24,Engineering,4,8661.05,yes,3,1.3,6,34,no
23,Finance,5,8717.01,yes,3,14.8,5,18,yes
46,HR,2,6376.07,no,2,2.5,23,39,no
46,Operations,2,5083.59,yes,3,15.0,21,41,no
48,HR,1,5343.45,no,3,8.4,1,3,no
35,Finance,4,7875.84,no,1,2.8,6,21,yes
33,Sales,2,6211.09,no,3,3.1,15,36,no
33,Finance,5,8378.57,no,3,2.6,2,39,no
45,Finance,1,4999.61,yes,2,20.6,16,14,yes
45,HR,2,7365.87,yes,3,24.7,14,26,yes
37,Sales,2,6237.54,no,5,7.8,19,0,no
47,HR,5,12019.36,no,3,0.6,11,27,no
29,HR,4,8468.47,no,1,3.2,6,6,no
32,Sales,5,9317.23,no,4,10.1,11,36,no
39,Engineering,2,6029.25,no,4,3.3,21,50,no
26,Sales,2,5637.51,no,3,2.7,8,25,no
51,Sales,4,9611.96,no,1,25.9,2,15,yes
43,HR,3,8141.97,no,1,8.6,15,46,no
57,Engineering,5,8808.14,yes,3,10.2,14,15,no
59,Finance,3,7835.81,yes,1,9.9,18,25,no
45,Engineering,1,5256.47,yes,1,34.4,11,4,yes
49,HR,1,4723.4,yes,2,11.3,17,48,yes
33,Operations,3,7189.71,yes,5,12.1,11,1,no
41,Engineering,3,8629.38,no,5,5.0,10,60,no
27,Sales,5,10988.57,no,3,12.2,4,19,no
35,HR,2,7398.65,no,2,4.6,17,27,no
57,Operations,5,10049.76,yes,4,3.7,21,45,no
55,Operations,1,4419.68,no,5,17.6,15,40,no
39,Sales,2,6478.05,yes,5,33.8,19,60,yes
21,Finance,5,10084.25,yes,2,16.4,3,13,yes
43,Sales,2,6219.22,yes,5,4.4,3,55,yes
40,Finance,4,7688.2,no,5,36.1,7,3,yes
51,Sales,1,6610.86,no,4,12.1,17,29,yes
57,Engineering,1,4845.7,yes,1,3.9,17,45,no
35,Engineering,1,5157.55,no,3,4.6,15,40,yes
36,Operations,2,5873.93,no,2,21.4,5,3,no
25,HR,5,9466.91,no,4,4.5,7,30,no
56,Operations,5,10826.41,no,5,7.2,0,54,no
47,Sales,1,3797.33,yes,3,4.6,7,45,no
50,Operations,1,5119.23,no,3,3.5,6,31,no
41,Sales,2,4911.03,no,3,11.6,5,12,no
49,Finance,1,5260.79,no,1,9.3,13,16,no
26,HR,3,6913.56,no,3,2.8,8,18,no
55,Finance,2,6960.0,no,4,10.5,24,52,no
36,Operations,2,5471.13,no,3,7.4,18,17,yes
35,HR,2,5369.62,yes,3,12.7,6,24,no
30,Operations,1,4089.86,no,1,17.1,9,28,yes
52,Finance,5,10746.14,no,3,14.3,9,35,yes
49,Finance,1,6049.76,yes,3,16.5,19,12,yes
41,Engineering,3,7924.62,no,5,5.5,7,7,no
35,Finance,2,6658.27,no,4,5.2,6,45,no
38,Sales,4,9053.23,yes,5,0.5,19,35,no
25,Finance,1,4092.66,no,3,20.0,7,4,no
52,Engineering,1,5072.82,no,3,11.3,13,8,no
29,Finance,1,4457.45,yes,2,7.4,11,53,no
33,Finance,5,10129.02,no,4,5.4,0,43,no
47,Engineering,1,5560.67,no,4,5.2,6,53,no
55,Operations,2,7355.79,no,3,5.0,2,42,no
56,Operations,3,8613.89,yes,4,7.0,24,32,no
37,HR,1,4561.96,no,2,11.8,5,24,yes
39,Sales,1,5415.2,no,5,2.2,10,25,no
59,Engineering,1,5045.53,yes,5,18.1,24,15,no
21,Operations,5,10324.3,no,4,5.1,3,32,no
45,Sales,1,6196.14,no,1,12.0,20,55,yes
46,HR,4,8540.6,yes,3,2.1,16,52,no
55,Engineering,3,7104.6,no,1,5.7,24,44,no
54,Operations,2,6504.81,yes,5,9.0,21,19,no
52,Finance,1,6594.68,yes,5,3.8,17,56,no
46,Engineering,4,8750.56,no,4,7.7,12,24,no
26,HR,5,10079.39,no,5,3.9,8,27,no
25,Sales,3,6604.6,yes,4,15.6,7,26,yes
41,Sales,4,7153.87,no,3,20.3,4,7,yes
48,Engineering,5,10011.9,no,1,14.7,3,54,no
41,HR,4,8893.79,no,1,13.7,7,29,no
41,Engineering,5,10259.72,yes,1,4.3,18,52,no
36,HR,3,7030.63,no,4,2.3,6,21,no
55,Sales,1,6743.64,yes,3,4.3,17,16,no
45,HR,4,8337.42,no,4,3.8,23,25,no
35,HR,5,9860.82,yes,4,18.5,7,10,no
24,Operations,3,7906.06,no,1,7.1,6,44,no
44,Engineering,1,5890.22,no,1,13.0,18,44,no
30,Operations,3,7229.76,no,2,1.1,5,58,yes
49,Finance,2,6049.43,no,4,14.8,8,3,no
49,Operations,5,8681.12,yes,1,6.1,24,37,no
32,Engineering,3,8371.11,no,2,6.9,14,35,no
33,Operations,3,7392.18,no,1,8.8,2,51,no
51,Operations,4,10142.96,no,2,7.4,21,49,no
31,Operations,4,8517.53,yes,5,7.0,12,19,no
34,Sales,4,8375.08,no,3,9.2,16,41,no
30,HR,5,9432.09,yes,1,8.1,12,44,no
58,Sales,2,6540.56,no,3,24.5,6,36,yes
22,Sales,5,9875.24,yes,5,16.3,4,15,no
32,Operations,5,9799.08,no,5,3.1,14,1,no
39,Engineering,2,6191.29,yes,2,17.7,11,29,no
48,Sales,5,10205.48,yes,2,2.7,5,5,yes
54,Sales,1,5784.57,yes,4,4.8,5,48,no
35,Sales,2,6573.52,no,5,6.0,11,43,no
27,Engineering,2,6829.34,no,1,11.5,6,49,yes
32,Sales,4,7625.45,yes,3,23.0,14,49,yes
54,Engineering,1,3756.69,yes,5,1.0,2,44,no
45,Sales,2,6310.46,no,1,10.9,7,53,yes
34,HR,1,3602.91,no,4,5.0,16,5,no
56,Finance,3,8757.83,no,4,10.5,23,32,no
44,HR,3,8251.96,no,2,5.7,16,14,no
31,HR,5,9578.0,yes,1,6.2,13,36,no
26,HR,4,8981.05,no,4,19.8,8,27,no
24,Engineering,2,5465.28,yes,4,18.8,6,50,yes
26,HR,5,9895.01,no,1,3.2,8,17,no
22,Operations,3,6337.58,no,3,6.7,0,57,yes
56,HR,5,10866.81,no,4,3.6,5,35,no
42,Finance,4,8363.73,yes,2,7.3,22,53,no
24,Operations,2,5187.35,no,2,2.9,6,0,no
30,HR,2,6130.73,no,3,13.2,6,29,no
51,Sales,4,6987.1,no,4,11.8,0,24,yes
24,Finance,1,5570.27,no,5,19.1,6,25,yes
54,Operations,4,8728.17,no,1,14.4,22,50,no
49,Engineering,2,6070.14,no,5,29.6,22,37,no
58,Finance,5,9839.59,no,4,14.2,17,1,no
22,Finance,3,6286.49,yes,5,11.4,1,57,yes
29,Sales,3,7139.69,no,2,14.1,11,39,no
25,Finance,5,10319.96,no,4,2.8,7,28,no
50,Sales,5,10061.97,no,5,7.5,2,49,no
51,Operations,2,7406.1,yes,1,19.2,6,19,no
22,HR,5,10082.15,yes,1,1.7,4,57,no
33,Engineering,1,5233.88,no,3,15.9,15,7,no
47,Finance,3,7173.85,no,2,3.3,13,47,no
44,Engineering,1,5020.71,yes,5,9.2,15,58,no
32,Engineering,2,7295.51,no,2,6.6,10,37,no
55,Sales,5,10010.97,no,4,6.4,17,14,no
37,Sales,4,8298.06,yes,4,15.3,4,23,yes
50,Engineering,4,9229.29,no,5,7.9,7,43,no
40,Engineering,4,9264.7,yes,5,13.6,9,49,no
31,Finance,2,4859.44,no,5,22.4,13,16,yes
24,Operations,5,8231.44,no,2,9.2,6,22,no
32,HR,2,6440.46,no,2,7.1,1,38,yes
55,Finance,4,10263.28,no,4,11.4,0,42,no
40,Sales,2,6569.99,no,2,3.3,12,37,no
53,Operations,2,7033.74,no,2,4.4,7,39,no
50,HR,4,9581.85,no,3,16.0,25,21,no
56,Operations,5,10999.87,yes,2,6.3,4,20,no
51,Sales,1,6655.03,no,3,20.2,19,12,no
31,Engineering,3,8065.43,yes,1,8.2,13,44,no
39,Engineering,3,8822.31,no,5,10.6,9,28,no
27,Engineering,4,7776.48,no,3,6.1,9,58,no
34,Sales,4,6362.89,yes,5,4.9,16,3,no
50,HR,3,7691.18,no,3,21.0,24,37,no
44,HR,3,8127.12,no,4,9.2,17,5,no
42,Engineering,5,11067.76,no,1,3.9,4,22,no
59,Sales,4,8714.73,no,4,5.4,4,21,no
54,Finance,5,9606.15,no,1,0.9,7,0,no
55,Operations,3,7654.58,no,3,8.7,0,50,no
34,Sales,4,8891.62,no,1,12.7,0,9,yes
37,Sales,1,4181.74,yes,1,7.1,19,18,no
39,Engineering,3,7921.24,no,3,24.4,12,44,no
58,Sales,5,9911.63,yes,3,12.9,0,30,yes
21,HR,2,4779.34,yes,2,13.5,3,18,no
52,HR,4,9722.27,no,4,4.7,20,32,no
23,Engineering,1,4448.2,yes,3,13.9,2,60,yes
24,Operations,4,7825.65,no,5,1.9,6,11,no
57,Engineering,1,5303.8,no,5,27.4,14,4,yes
60,Sales,3,7719.75,yes,2,5.2,3,5,yes
50,Sales,2,6910.33,yes,3,5.8,5,5,no
41,Engineering,5,10956.61,no,4,4.5,3,26,no
52,Sales,3,8360.63,no,2,14.6,25,54,no
36,Operations,5,9211.94,no,1,16.6,0,17,yes
38,Sales,2,4634.59,no,2,7.0,7,50,no
54,Engineering,2,8114.58,yes,3,4.7,20,25,no
32,Sales,3,6427.61,no,1,38.7,5,43,yes
50,HR,4,8280.4,no,1,13.5,0,33,no
53,HR,5,9080.74,no,1,7.4,19,1,no
48,Operations,4,9689.43,yes,5,6.3,5,12,no
53,Finance,2,6763.85,no,2,1.2,12,8,no
25,HR,4,8214.3,no,2,7.2,7,33,no
22,Sales,3,7477.16,no,4,13.8,1,37,no
39,HR,5,10311.99,no,2,4.5,10,32,no
30,Finance,2,5174.4,no,2,8.1,1,1,no
25,Finance,2,5456.7,no,4,13.2,7,36,no
42,HR,5,10370.41,no,2,3.5,18,3,no
36,Engineering,4,7879.85,no,1,7.0,14,15,no
54,HR,1,5053.28,no,3,4.7,8,40,no
58,Finance,3,8565.04,no,2,5.0,18,19,no
37,Operations,5,9290.08,yes,2,5.3,19,60,no
24,Sales,5,9639.17,no,1,19.4,6,36,yes
52,Operations,1,5748.48,yes,4,15.6,24,29,yes
44,Engineering,2,6759.24,no,2,25.4,14,60,yes
44,Engineering,5,10480.58,yes,5,8.3,18,51,no
50,Finance,5,11046.55,yes,5,8.8,10,54,no
23,Finance,1,3127.34,no,3,5.3,5,4,no
25,Engineering,4,8798.82,no,4,4.0,7,10,no
41,Engineering,2,5559.47,no,2,11.4,7,30,yes
41,HR,4,9365.22,no,4,4.6,18,35,no
42,Engineering,1,6043.14,yes,1,8.7,10,2,no
44,Finance,5,10868.29,yes,1,5.7,18,34,no
26,Finance,3,7117.81,no,5,3.6,8,17,no
46,Finance,2,6477.18,no,1,10.9,8,5,no
56,HR,5,10647.62,no,1,9.2,6,56,no
37,HR,4,9096.39,yes,5,2.2,7,0,no
32,Sales,2,5113.49,no,2,11.3,1,50,yes
48,Finance,5,10495.17,no,4,8.4,5,51,yes
38,HR,5,10978.99,no,4,9.1,4,30,no
29,HR,1,3575.32,no,3,9.2,1,47,no
47,Engineering,3,7890.65,no,1,9.0,11,24,no
54,Operations,4,9763.66,yes,5,10.2,14,47,no
30,Engineering,2,5650.82,no,1,8.3,6,22,no
47,Operations,5,9993.29,yes,5,6.9,6,25,no
56,Operations,5,10118.52,yes,5,4.3,4,46,no
33,Operations,5,8501.59,yes,3,14.5,14,30,no
57,HR,4,9766.1,no,1,17.7,21,12,no
25,HR,1,3855.83,yes,2,13.6,7,2,yes
51,Sales,1,5350.53,no,3,9.9,24,0,no
51,HR,5,10309.72,no,2,16.4,8,42,no
55,Operations,5,10980.64,yes,1,5.0,8,33,no
39,Engineering,1,4149.37,no,5,4.7,1,34,no
56,HR,2,6181.55,yes,3,15.4,2,36,yes
36,Engineering,3,6752.07,no,3,8.3,18,54,no
47,Operations,5,9729.01,yes,5,11.3,1,60,no
41,Engineering,4,8871.35,yes,2,13.7,15,2,no
21,Sales,1,4510.76,yes,3,16.4,3,60,no
59,Operations,2,6159.23,no,3,10.0,8,41,no
22,HR,4,8026.34,no,4,10.6,4,56,no
42,Finance,4,9602.6,no,2,15.9,16,15,yes
60,Sales,5,9521.38,yes,4,4.4,20,46,no
54,HR,1,5048.24,no,5,7.4,7,1,no
55,Operations,4,9519.9,no,2,7.8,6,59,no
32,Finance,1,3657.35,yes,1,11.1,14,5,yes
39,Operations,2,5925.22,no,2,11.2,16,47,no
40,Operations,3,7977.66,no,4,8.4,5,8,no
26,Finance,5,9837.24,no,4,14.3,8,41,no
47,Finance,4,9615.1,yes,3,25.2,8,9,yes
35,HR,2,5475.62,yes,4,4.3,0,48,no
44,HR,4,9353.27,yes,5,9.9,19,0,no
45,Sales,4,9125.47,yes,2,7.1,9,31,yes
27,Finance,2,4626.6,no,2,10.5,9,27,no
57,Finance,3,8601.12,yes,4,5.4,25,23,no
45,Engineering,4,8068.49,yes,2,3.4,7,57,no
53,Finance,3,8701.52,no,2,29.8,15,58,yes
26,Finance,1,3921.86,no,5,2.7,2,22,no
28,Sales,4,8922.06,no,5,6.7,10,59,no
42,Finance,5,9696.9,yes,1,11.4,16,11,no
31,Sales,1,4459.03,yes,5,9.7,13,54,no
24,Operations,5,9779.12,no,1,7.0,4,39,no
47,Finance,2,4952.69,no,1,3.1,15,58,no
34,Sales,4,8168.19,no,1,14.4,16,49,no
55,Finance,2,6842.28,yes,2,31.8,4,26,yes
48,Sales,1,5507.18,no,4,12.2,5,56,no
58,Sales,3,7907.24,no,1,4.3,17,13,yes
42,Engineering,3,6940.7,no,4,9.9,16,50,no
60,Engineering,3,8038.81,no,2,14.4,3,44,yes
43,Sales,4,7775.13,no,5,5.6,14,50,no
48,HR,2,6994.12,yes,2,12.4,16,31,yes
40,HR,1,4273.68,no,4,41.7,6,9,yes
41,Sales,2,5378.35,yes,1,27.3,14,4,yes
56,Engineering,4,8379.31,no,3,14.6,25,34,no
22,Sales,4,9542.03,yes,3,7.8,2,23,no
32,Finance,3,7543.01,no,1,19.6,9,2,yes
57,Sales,2,7407.51,yes,2,10.8,22,0,no
50,Engineering,1,7409.49,no,1,10.3,21,37,no
49,Sales,4,8354.61,yes,1,0.3,14,60,no
26,HR,3,5994.55,no,4,15.1,8,1,no
47,Operations,2,6152.65,yes,5,3.7,5,44,no
51,Engineering,1,5233.82,no,1,7.6,25,23,no
30,Sales,3,7398.24,no,3,9.2,8,47,yes
21,Engineering,2,5705.96,no,5,9.8,3,58,no
40,HR,5,10220.2,no,1,23.5,11,7,yes
30,Engineering,2,5204.22,yes,1,5.7,11,39,no
44,Operations,1,4631.53,no,4,5.6,9,26,no
60,HR,5,11079.38,yes,1,35.4,21,30,yes
53,Finance,1,5550.82,yes,2,3.8,23,22,no
26,HR,1,4258.7,no,2,5.3,8,28,yes
24,Operations,3,7172.94,yes,1,2.9,6,15,no
27,Operations,4,9396.32,yes,3,9.9,9,25,no
44,Finance,4,7971.73,no,4,10.9,19,47,no
27,Engineering,3,7972.03,no,2,4.3,2,8,no
41,HR,5,9865.67,no,4,27.2,1,47,yes
44,Finance,5,9027.09,no,1,16.9,25,6,no
53,Operations,5,11171.87,no,2,10.4,14,25,no
47,Finance,3,7507.55,yes,2,15.5,11,57,no
37,Finance,2,7060.69,yes,1,1.8,19,52,no
40,Operations,5,10672.08,no,5,27.9,17,6,yes
32,Engineering,4,8991.8,no,4,6.5,13,28,no
29,Finance,3,6156.29,no,4,2.1,11,13,no
23,Finance,4,8484.1,no,2,12.0,5,12,no
32,Finance,1,4945.15,no,1,7.1,2,23,no
51,Sales,2,4911.07,no,3,19.1,4,30,yes
34,Sales,5,9906.49,no,3,11.7,16,12,no
29,Operations,4,9430.45,yes,3,10.1,9,41,no
31,Operations,2,6208.05,yes,2,7.5,12,6,no
21,Finance,3,7590.51,no,3,12.4,3,32,no
51,Finance,1,4639.82,no,4,4.9,8,44,no
42,HR,4,8951.09,yes,4,8.5,1,13,no
46,Engineering,2,7159.56,yes,1,6.6,15,10,yes
30,Engineering,4,8901.6,no,5,13.2,4,29,yes
60,Finance,1,5598.35,no,2,2.5,1,37,no
51,Finance,5,10106.63,no,5,12.7,15,59,no
32,Engineering,2,5374.66,no,2,5.7,0,12,no
24,HR,4,8131.05,yes,4,4.5,6,26,no
29,Operations,3,7247.85,no,5,34.8,11,59,yes
31,HR,3,6274.18,no,5,11.8,13,39,no
44,Engineering,5,10325.54,yes,3,5.9,9,11,no
52,Engineering,2,6591.83,no,3,17.3,17,55,no
26,Finance,1,4567.3,no,5,12.4,8,26,no
25,Operations,3,5989.2,no,4,3.9,7,7,no
26,Finance,5,10664.02,no,5,3.9,8,50,no
40,Finance,3,8577.16,no,2,5.6,22,45,no
59,Finance,2,6684.05,yes,4,1.0,12,48,no
