timestamp,hour,day_of_week,temperature_c,humidity_pct,is_holiday_or_weekend,demand_kwh
2026-01-01 00:00:00,0,3,15.06,51.39,0,383.7
2026-01-01 01:00:00,1,3,19.9,37.74,0,338.13
2026-01-01 02:00:00,2,3,13.29,53.6,0,369.18
2026-01-01 03:00:00,3,3,18.01,43.63,0,335.63
2026-01-01 04:00:00,4,3,18.87,44.71,0,314.66
2026-01-01 05:00:00,5,3,14.41,50.75,0,345.87
2026-01-01 06:00:00,6,3,18.11,47.36,0,301.78
2026-01-01 07:00:00,7,3,19.04,44.68,0,274.26
2026-01-01 08:00:00,8,3,13.33,48.78,0,325.15
2026-01-01 09:00:00,9,3,17.14,41.19,0,297.69
2026-01-01 10:00:00,10,3,18.1,40.31,0,295.93
2026-01-01 11:00:00,11,3,19.99,49.99,0,326.8
2026-01-01 12:00:00,12,3,19.61,48.62,0,314.21
2026-01-01 13:00:00,13,3,17.04,46.14,0,357.99
2026-01-01 14:00:00,14,3,19.33,39.93,0,329.65
2026-01-01 15:00:00,15,3,15.86,44.99,0,347.3
2026-01-01 16:00:00,16,3,22.35,28.62,0,309.02
2026-01-01 17:00:00,17,3,19.63,44.6,0,307.93
2026-01-01 18:00:00,18,3,19.38,51.81,0,310.27
2026-01-01 19:00:00,19,3,18.82,56.37,0,284.7
2026-01-01 20:00:00,20,3,17.93,52.38,0,307.46
2026-01-01 21:00:00,21,3,17.67,60.53,0,327.29
2026-01-01 22:00:00,22,3,16.01,45.11,0,324.99
2026-01-01 23:00:00,23,3,20.41,30.75,0,305.33
2026-01-02 00:00:00,0,4,22.6,32.69,0,339.53
2026-01-02 01:00:00,1,4,19.23,45.61,0,341.23
2026-01-02 02:00:00,2,4,19.01,49.96,0,362.08
2026-01-02 03:00:00,3,4,17.73,60.11,0,338.98
2026-01-02 04:00:00,4,4,19.35,49.1,0,318.39
2026-01-02 05:00:00,5,4,20.94,44.91,0,282.74
2026-01-02 06:00:00,6,4,20.02,44.61,0,284.52
2026-01-02 07:00:00,7,4,18.81,46.26,0,292.44
2026-01-02 08:00:00,8,4,17.26,36.97,0,283.19
2026-01-02 09:00:00,9,4,24.15,42.81,0,284.19
2026-01-02 10:00:00,10,4,18.42,52.15,0,317.71
2026-01-02 11:00:00,11,4,24.41,48.77,0,349.57
2026-01-02 12:00:00,12,4,17.99,42.32,0,351.11
2026-01-02 13:00:00,13,4,18.6,42.19,0,350.46
2026-01-02 14:00:00,14,4,24.19,39.65,0,339.75
2026-01-02 15:00:00,15,4,23.74,41.35,0,330.55
2026-01-02 16:00:00,16,4,19.28,40.49,0,295.31
2026-01-02 17:00:00,17,4,19.22,46.16,0,285.71
2026-01-02 18:00:00,18,4,21.74,34.57,0,281.52
2026-01-02 19:00:00,19,4,18.7,49.15,0,283.43
2026-01-02 20:00:00,20,4,20.72,46.94,0,284.36
2026-01-02 21:00:00,21,4,17.75,51.64,0,306.57
2026-01-02 22:00:00,22,4,19.66,47.21,0,334.91
2026-01-02 23:00:00,23,4,19.74,47.68,0,329.54
2026-01-03 00:00:00,0,5,22.43,50.21,1,300.28
2026-01-03 01:00:00,1,5,15.19,44.51,1,355.07
2026-01-03 02:00:00,2,5,23.27,36.99,1,303.65
2026-01-03 03:00:00,3,5,20.52,39.14,1,302.88
2026-01-03 04:00:00,4,5,26.81,37.81,1,311.52
2026-01-03 05:00:00,5,5,22.83,43.17,1,264.09
2026-01-03 06:00:00,6,5,26.77,29.11,1,271.54
2026-01-03 07:00:00,7,5,24.54,44.89,1,268.61
2026-01-03 08:00:00,8,5,19.96,49.45,1,245.82
2026-01-03 09:00:00,9,5,21.84,40.88,1,253.31
2026-01-03 10:00:00,10,5,24.8,49.8,1,327.34
2026-01-03 11:00:00,11,5,23.22,41.6,1,317.24
2026-01-03 12:00:00,12,5,17.89,52.55,1,338.21
2026-01-03 13:00:00,13,5,23.46,41.49,1,295.41
2026-01-03 14:00:00,14,5,22.04,34.75,1,311.77
2026-01-03 15:00:00,15,5,24.12,44.56,1,326.31
2026-01-03 16:00:00,16,5,25.0,40.13,1,294.78
2026-01-03 17:00:00,17,5,24.61,43.31,1,261.06
2026-01-03 18:00:00,18,5,25.46,40.88,1,275.42
2026-01-03 19:00:00,19,5,24.6,33.92,1,245.66
2026-01-03 20:00:00,20,5,22.97,32.77,1,240.86
2026-01-03 21:00:00,21,5,23.88,47.05,1,297.61
2026-01-03 22:00:00,22,5,20.82,46.59,1,269.09
2026-01-03 23:00:00,23,5,21.38,36.35,1,281.71
2026-01-04 00:00:00,0,6,22.83,35.02,1,306.54
2026-01-04 01:00:00,1,6,24.18,31.86,1,297.36
2026-01-04 02:00:00,2,6,19.59,45.24,1,286.72
2026-01-04 03:00:00,3,6,19.5,44.8,1,296.72
2026-01-04 04:00:00,4,6,22.43,21.89,1,249.97
2026-01-04 05:00:00,5,6,20.21,49.94,1,280.15
2026-01-04 06:00:00,6,6,21.27,46.78,1,232.99
2026-01-04 07:00:00,7,6,21.38,38.86,1,252.13
2026-01-04 08:00:00,8,6,22.38,45.44,1,238.12
2026-01-04 09:00:00,9,6,19.12,50.4,1,295.02
2026-01-04 10:00:00,10,6,18.52,37.67,1,286.71
2026-01-04 11:00:00,11,6,22.79,47.6,1,317.37
2026-01-04 12:00:00,12,6,19.64,41.35,1,327.35
2026-01-04 13:00:00,13,6,22.78,42.95,1,297.28
2026-01-04 14:00:00,14,6,24.85,36.55,1,331.1
2026-01-04 15:00:00,15,6,27.84,36.33,1,314.02
2026-01-04 16:00:00,16,6,26.4,39.53,1,304.79
2026-01-04 17:00:00,17,6,22.5,29.78,1,248.23
2026-01-04 18:00:00,18,6,23.85,51.93,1,273.61
2026-01-04 19:00:00,19,6,22.81,45.37,1,254.94
2026-01-04 20:00:00,20,6,22.05,41.18,1,250.74
2026-01-04 21:00:00,21,6,18.86,36.71,1,260.78
2026-01-04 22:00:00,22,6,25.06,34.02,1,281.36
2026-01-04 23:00:00,23,6,26.06,36.79,1,319.67
2026-01-05 00:00:00,0,0,24.88,35.18,0,364.02
2026-01-05 01:00:00,1,0,23.28,45.19,0,342.65
2026-01-05 02:00:00,2,0,24.44,40.47,0,339.76
2026-01-05 03:00:00,3,0,22.26,49.92,0,332.31
2026-01-05 04:00:00,4,0,26.53,43.95,0,314.9
2026-01-05 05:00:00,5,0,25.52,47.31,0,324.67
2026-01-05 06:00:00,6,0,24.62,35.14,0,292.97
2026-01-05 07:00:00,7,0,23.92,45.85,0,278.68
2026-01-05 08:00:00,8,0,24.03,33.06,0,304.95
2026-01-05 09:00:00,9,0,25.43,41.87,0,314.72
2026-01-05 10:00:00,10,0,24.76,42.14,0,339.05
2026-01-05 11:00:00,11,0,23.39,51.93,0,345.42
2026-01-05 12:00:00,12,0,19.82,45.77,0,305.09
2026-01-05 13:00:00,13,0,25.75,35.0,0,358.61
2026-01-05 14:00:00,14,0,25.76,42.62,0,359.49
2026-01-05 15:00:00,15,0,24.14,46.58,0,348.36
2026-01-05 16:00:00,16,0,23.86,33.16,0,306.42
2026-01-05 17:00:00,17,0,24.8,37.94,0,306.11
2026-01-05 18:00:00,18,0,24.9,37.46,0,285.57
2026-01-05 19:00:00,19,0,26.62,38.5,0,298.72
2026-01-05 20:00:00,20,0,27.28,23.73,0,294.87
2026-01-05 21:00:00,21,0,24.36,37.63,0,288.53
2026-01-05 22:00:00,22,0,24.04,37.91,0,310.31
2026-01-05 23:00:00,23,0,24.51,45.14,0,365.1
2026-01-06 00:00:00,0,1,24.98,36.24,0,352.09
2026-01-06 01:00:00,1,1,24.9,32.83,0,366.27
2026-01-06 02:00:00,2,1,23.66,45.08,0,347.59
2026-01-06 03:00:00,3,1,18.66,45.62,0,359.53
2026-01-06 04:00:00,4,1,24.64,37.96,1,293.95
2026-01-06 05:00:00,5,1,26.3,23.47,0,294.13
2026-01-06 06:00:00,6,1,24.64,29.57,0,297.66
2026-01-06 07:00:00,7,1,26.94,39.09,0,289.0
2026-01-06 08:00:00,8,1,24.18,40.59,0,292.95
2026-01-06 09:00:00,9,1,26.41,45.4,0,308.72
2026-01-06 10:00:00,10,1,27.12,31.28,0,336.79
2026-01-06 11:00:00,11,1,26.61,28.09,0,345.17
2026-01-06 12:00:00,12,1,22.88,34.82,0,327.06
2026-01-06 13:00:00,13,1,25.18,41.64,0,340.25
2026-01-06 14:00:00,14,1,25.99,48.1,0,358.43
2026-01-06 15:00:00,15,1,24.27,41.98,0,340.51
2026-01-06 16:00:00,16,1,21.98,41.08,0,288.6
2026-01-06 17:00:00,17,1,27.6,32.11,0,304.65
2026-01-06 18:00:00,18,1,29.48,35.4,0,334.01
2026-01-06 19:00:00,19,1,24.5,31.75,0,271.23
2026-01-06 20:00:00,20,1,26.99,41.2,0,325.24
2026-01-06 21:00:00,21,1,25.59,48.83,0,283.0
2026-01-06 22:00:00,22,1,21.28,46.29,0,318.32
2026-01-06 23:00:00,23,1,25.48,20.0,0,332.94
2026-01-07 00:00:00,0,2,24.36,40.78,0,359.87
2026-01-07 01:00:00,1,2,26.18,48.84,0,356.7
2026-01-07 02:00:00,2,2,26.81,33.05,0,353.56
2026-01-07 03:00:00,3,2,24.54,26.27,0,336.47
2026-01-07 04:00:00,4,2,21.91,52.09,0,309.51
2026-01-07 05:00:00,5,2,22.02,34.07,0,269.78
2026-01-07 06:00:00,6,2,30.45,34.24,0,325.55
2026-01-07 07:00:00,7,2,27.86,46.04,0,309.01
2026-01-07 08:00:00,8,2,28.75,31.31,0,290.87
2026-01-07 09:00:00,9,2,25.41,38.59,0,307.21
2026-01-07 10:00:00,10,2,27.88,34.8,0,336.03
2026-01-07 11:00:00,11,2,25.76,28.2,0,358.99
2026-01-07 12:00:00,12,2,23.99,20.0,0,316.78
2026-01-07 13:00:00,13,2,25.62,27.95,1,322.45
2026-01-07 14:00:00,14,2,26.8,34.55,0,369.17
2026-01-07 15:00:00,15,2,26.07,36.77,0,347.72
2026-01-07 16:00:00,16,2,26.01,43.63,0,334.98
2026-01-07 17:00:00,17,2,22.02,53.74,0,315.27
2026-01-07 18:00:00,18,2,23.27,38.88,0,293.34
2026-01-07 19:00:00,19,2,25.7,37.88,0,301.92
2026-01-07 20:00:00,20,2,27.11,52.85,0,312.62
2026-01-07 21:00:00,21,2,25.33,25.81,0,303.22
2026-01-07 22:00:00,22,2,23.1,36.98,0,314.5
2026-01-07 23:00:00,23,2,26.15,35.27,0,342.0
2026-01-08 00:00:00,0,3,24.47,44.55,0,365.53
2026-01-08 01:00:00,1,3,28.64,21.82,0,356.93
2026-01-08 02:00:00,2,3,23.22,35.83,0,349.59
2026-01-08 03:00:00,3,3,24.91,32.11,0,351.53
2026-01-08 04:00:00,4,3,25.43,36.81,0,325.4
2026-01-08 05:00:00,5,3,27.9,32.94,0,299.94
2026-01-08 06:00:00,6,3,27.24,38.95,0,310.28
2026-01-08 07:00:00,7,3,24.5,36.01,0,294.18
2026-01-08 08:00:00,8,3,26.73,42.91,0,306.37
2026-01-08 09:00:00,9,3,26.59,28.49,0,309.16
2026-01-08 10:00:00,10,3,27.24,49.75,0,332.82
2026-01-08 11:00:00,11,3,28.27,29.18,0,354.38
2026-01-08 12:00:00,12,3,24.01,42.76,0,329.74
2026-01-08 13:00:00,13,3,24.3,39.16,0,357.67
2026-01-08 14:00:00,14,3,25.54,44.16,0,365.5
2026-01-08 15:00:00,15,3,28.63,27.19,0,344.91
2026-01-08 16:00:00,16,3,24.65,44.48,0,343.87
2026-01-08 17:00:00,17,3,24.13,41.11,0,306.12
2026-01-08 18:00:00,18,3,27.47,37.73,0,306.24
2026-01-08 19:00:00,19,3,24.78,29.95,1,251.81
2026-01-08 20:00:00,20,3,27.65,46.89,0,301.08
2026-01-08 21:00:00,21,3,27.03,49.09,0,313.2
2026-01-08 22:00:00,22,3,24.55,35.4,0,326.78
2026-01-08 23:00:00,23,3,28.85,30.76,0,348.61
2026-01-09 00:00:00,0,4,25.82,42.43,0,341.67
2026-01-09 01:00:00,1,4,26.42,37.34,0,349.94
2026-01-09 02:00:00,2,4,24.33,43.32,0,324.22
2026-01-09 03:00:00,3,4,26.62,33.55,0,340.61
2026-01-09 04:00:00,4,4,24.91,32.11,0,342.71
2026-01-09 05:00:00,5,4,25.63,27.37,0,294.54
2026-01-09 06:00:00,6,4,22.73,45.18,0,276.9
2026-01-09 07:00:00,7,4,26.72,30.38,0,283.42
2026-01-09 08:00:00,8,4,24.19,40.76,0,307.12
2026-01-09 09:00:00,9,4,23.75,36.73,0,294.43
2026-01-09 10:00:00,10,4,28.64,39.98,0,330.73
2026-01-09 11:00:00,11,4,25.97,30.96,0,345.96
2026-01-09 12:00:00,12,4,25.22,34.16,0,345.85
2026-01-09 13:00:00,13,4,26.55,22.71,0,352.41
2026-01-09 14:00:00,14,4,26.04,35.29,0,352.38
2026-01-09 15:00:00,15,4,24.49,41.38,0,329.33
2026-01-09 16:00:00,16,4,28.27,34.95,0,353.86
2026-01-09 17:00:00,17,4,27.31,34.33,0,316.08
2026-01-09 18:00:00,18,4,24.04,46.44,0,281.48
2026-01-09 19:00:00,19,4,25.71,35.06,0,289.02
2026-01-09 20:00:00,20,4,28.05,38.8,0,316.43
2026-01-09 21:00:00,21,4,29.21,37.03,0,339.25
2026-01-09 22:00:00,22,4,24.51,42.83,0,316.46
2026-01-09 23:00:00,23,4,23.35,49.24,0,324.16
2026-01-10 00:00:00,0,5,23.14,50.26,1,305.6
2026-01-10 01:00:00,1,5,24.26,45.8,1,335.83
2026-01-10 02:00:00,2,5,28.75,38.49,1,334.43
2026-01-10 03:00:00,3,5,22.65,46.13,1,306.03
2026-01-10 04:00:00,4,5,26.74,42.1,1,304.6
2026-01-10 05:00:00,5,5,24.11,46.28,1,275.59
2026-01-10 06:00:00,6,5,23.16,39.26,1,256.33
2026-01-10 07:00:00,7,5,23.35,45.57,1,250.89
2026-01-10 08:00:00,8,5,23.62,46.44,1,280.28
2026-01-10 09:00:00,9,5,25.07,45.92,1,269.19
2026-01-10 10:00:00,10,5,25.8,33.75,1,294.16
2026-01-10 11:00:00,11,5,30.16,34.53,1,315.08
2026-01-10 12:00:00,12,5,25.07,32.83,1,311.05
2026-01-10 13:00:00,13,5,21.36,36.7,1,313.16
2026-01-10 14:00:00,14,5,25.44,34.46,1,316.07
2026-01-10 15:00:00,15,5,25.38,41.41,1,326.32
2026-01-10 16:00:00,16,5,25.13,32.75,1,289.73
2026-01-10 17:00:00,17,5,23.63,39.98,1,287.48
2026-01-10 18:00:00,18,5,25.57,46.29,1,262.1
2026-01-10 19:00:00,19,5,25.52,21.0,1,238.15
2026-01-10 20:00:00,20,5,25.56,26.08,1,252.31
2026-01-10 21:00:00,21,5,23.98,43.01,1,262.47
2026-01-10 22:00:00,22,5,24.53,38.01,1,290.06
2026-01-10 23:00:00,23,5,22.75,30.22,1,308.37
2026-01-11 00:00:00,0,6,22.33,38.97,1,324.28
2026-01-11 01:00:00,1,6,24.93,24.83,1,318.95
2026-01-11 02:00:00,2,6,25.04,40.34,1,310.71
2026-01-11 03:00:00,3,6,24.59,34.67,1,312.94
2026-01-11 04:00:00,4,6,23.25,63.53,1,309.05
2026-01-11 05:00:00,5,6,24.9,45.93,1,298.9
2026-01-11 06:00:00,6,6,25.79,41.9,1,273.16
2026-01-11 07:00:00,7,6,23.1,36.98,1,255.86
2026-01-11 08:00:00,8,6,21.17,61.21,1,265.27
2026-01-11 09:00:00,9,6,23.96,32.37,1,281.95
2026-01-11 10:00:00,10,6,23.21,37.5,1,276.83
2026-01-11 11:00:00,11,6,19.02,38.79,1,304.98
2026-01-11 12:00:00,12,6,23.04,50.86,1,319.73
2026-01-11 13:00:00,13,6,22.66,41.36,1,325.75
2026-01-11 14:00:00,14,6,23.08,46.09,1,319.17
2026-01-11 15:00:00,15,6,23.13,39.83,1,302.85
2026-01-11 16:00:00,16,6,24.86,23.77,1,280.35
2026-01-11 17:00:00,17,6,20.79,41.98,1,240.2
2026-01-11 18:00:00,18,6,25.6,33.74,1,245.89
2026-01-11 19:00:00,19,6,21.8,48.35,1,258.07
2026-01-11 20:00:00,20,6,25.21,40.11,1,269.6
2026-01-11 21:00:00,21,6,27.62,42.5,1,285.58
2026-01-11 22:00:00,22,6,26.39,36.99,1,298.68
2026-01-11 23:00:00,23,6,27.34,33.53,1,321.81
2026-01-12 00:00:00,0,0,22.73,36.01,1,309.93
2026-01-12 01:00:00,1,0,21.97,35.73,0,351.11
2026-01-12 02:00:00,2,0,23.7,40.56,0,351.42
2026-01-12 03:00:00,3,0,24.24,51.13,0,336.13
2026-01-12 04:00:00,4,0,29.15,20.0,0,351.51
2026-01-12 05:00:00,5,0,24.19,47.73,0,319.9
2026-01-12 06:00:00,6,0,24.46,45.93,0,295.95
2026-01-12 07:00:00,7,0,23.18,26.69,0,276.63
2026-01-12 08:00:00,8,0,24.14,38.8,0,305.81
2026-01-12 09:00:00,9,0,25.64,30.91,0,281.26
2026-01-12 10:00:00,10,0,25.93,34.76,0,327.34
2026-01-12 11:00:00,11,0,25.71,30.95,0,352.85
2026-01-12 12:00:00,12,0,24.14,38.33,0,343.56
2026-01-12 13:00:00,13,0,22.94,25.67,0,324.3
2026-01-12 14:00:00,14,0,22.24,28.31,0,317.9
2026-01-12 15:00:00,15,0,23.33,36.72,0,322.73
2026-01-12 16:00:00,16,0,24.37,36.13,0,313.28
2026-01-12 17:00:00,17,0,21.82,43.07,0,306.34
2026-01-12 18:00:00,18,0,23.83,47.87,0,286.94
2026-01-12 19:00:00,19,0,20.18,37.79,0,275.66
2026-01-12 20:00:00,20,0,24.59,47.16,0,308.98
2026-01-12 21:00:00,21,0,26.04,27.8,0,302.84
2026-01-12 22:00:00,22,0,22.06,36.11,0,300.0
2026-01-12 23:00:00,23,0,21.83,39.31,0,325.84
2026-01-13 00:00:00,0,1,23.39,38.45,0,331.53
2026-01-13 01:00:00,1,1,18.8,38.26,0,365.37
2026-01-13 02:00:00,2,1,19.45,44.01,0,328.44
2026-01-13 03:00:00,3,1,23.7,37.44,0,331.7
2026-01-13 04:00:00,4,1,21.72,36.39,0,291.04
2026-01-13 05:00:00,5,1,21.6,43.56,0,272.77
2026-01-13 06:00:00,6,1,23.23,40.73,0,294.52
2026-01-13 07:00:00,7,1,21.18,37.28,0,280.25
2026-01-13 08:00:00,8,1,16.82,50.59,0,290.11
2026-01-13 09:00:00,9,1,20.31,40.79,0,288.02
2026-01-13 10:00:00,10,1,20.97,38.62,0,297.53
2026-01-13 11:00:00,11,1,22.72,47.48,1,311.83
2026-01-13 12:00:00,12,1,24.7,30.49,0,336.6
2026-01-13 13:00:00,13,1,20.35,40.51,0,358.8
2026-01-13 14:00:00,14,1,23.13,42.71,0,350.45
2026-01-13 15:00:00,15,1,21.75,47.06,0,317.91
2026-01-13 16:00:00,16,1,23.13,32.15,0,287.83
2026-01-13 17:00:00,17,1,20.72,37.46,0,296.66
2026-01-13 18:00:00,18,1,22.31,32.89,0,296.47
2026-01-13 19:00:00,19,1,19.44,34.5,0,285.48
2026-01-13 20:00:00,20,1,24.71,46.58,0,307.84
2026-01-13 21:00:00,21,1,20.7,47.66,1,264.72
2026-01-13 22:00:00,22,1,22.98,42.1,0,301.3
2026-01-13 23:00:00,23,1,20.69,56.37,0,314.31
2026-01-14 00:00:00,0,2,25.7,32.23,0,354.3
2026-01-14 01:00:00,1,2,23.1,29.44,0,349.99
2026-01-14 02:00:00,2,2,20.87,45.81,0,347.96
2026-01-14 03:00:00,3,2,18.56,35.85,0,316.48
2026-01-14 04:00:00,4,2,18.94,40.8,0,311.64
2026-01-14 05:00:00,5,2,19.95,43.71,0,310.62
2026-01-14 06:00:00,6,2,24.2,51.89,0,304.64
2026-01-14 07:00:00,7,2,21.58,29.15,0,254.64
2026-01-14 08:00:00,8,2,20.6,42.89,0,284.9
2026-01-14 09:00:00,9,2,22.49,26.95,0,278.68
2026-01-14 10:00:00,10,2,19.0,45.26,0,333.01
2026-01-14 11:00:00,11,2,22.86,38.55,0,323.48
2026-01-14 12:00:00,12,2,19.41,36.34,0,346.05
2026-01-14 13:00:00,13,2,20.07,31.66,1,303.75
2026-01-14 14:00:00,14,2,19.91,40.8,0,341.75
2026-01-14 15:00:00,15,2,19.55,49.18,0,328.0
2026-01-14 16:00:00,16,2,22.61,36.87,0,276.42
2026-01-14 17:00:00,17,2,20.04,41.26,0,305.59
2026-01-14 18:00:00,18,2,20.0,40.26,0,285.6
2026-01-14 19:00:00,19,2,18.72,49.47,0,286.82
2026-01-14 20:00:00,20,2,21.38,29.34,0,254.34
2026-01-14 21:00:00,21,2,16.58,42.95,0,324.17
2026-01-14 22:00:00,22,2,19.83,50.7,0,315.71
2026-01-14 23:00:00,23,2,20.27,37.55,0,309.13
2026-01-15 00:00:00,0,3,21.31,39.02,0,312.36
2026-01-15 01:00:00,1,3,21.53,40.57,0,333.97
2026-01-15 02:00:00,2,3,19.2,40.56,0,343.11
2026-01-15 03:00:00,3,3,22.82,36.62,0,341.69
2026-01-15 04:00:00,4,3,21.57,45.94,1,273.51
2026-01-15 05:00:00,5,3,20.27,44.46,0,301.66
2026-01-15 06:00:00,6,3,20.72,43.5,0,271.98
2026-01-15 07:00:00,7,3,18.6,41.9,0,275.95
2026-01-15 08:00:00,8,3,19.8,44.43,0,282.48
2026-01-15 09:00:00,9,3,20.3,46.29,0,305.69
2026-01-15 10:00:00,10,3,18.44,50.17,0,322.7
2026-01-15 11:00:00,11,3,20.71,39.59,0,311.42
2026-01-15 12:00:00,12,3,21.02,43.2,0,337.84
2026-01-15 13:00:00,13,3,20.12,46.44,0,341.02
2026-01-15 14:00:00,14,3,16.96,42.78,0,352.96
2026-01-15 15:00:00,15,3,21.06,39.71,0,328.25
2026-01-15 16:00:00,16,3,17.44,39.11,0,332.28
2026-01-15 17:00:00,17,3,14.32,54.11,0,329.73
2026-01-15 18:00:00,18,3,14.99,41.01,0,326.24
2026-01-15 19:00:00,19,3,18.99,42.62,0,291.97
2026-01-15 20:00:00,20,3,19.18,49.34,0,279.69
2026-01-15 21:00:00,21,3,16.74,44.9,0,354.31
2026-01-15 22:00:00,22,3,15.64,61.21,0,355.49
2026-01-15 23:00:00,23,3,18.88,53.91,0,330.93
2026-01-16 00:00:00,0,4,19.06,45.75,0,329.77
2026-01-16 01:00:00,1,4,16.48,56.7,0,360.12
2026-01-16 02:00:00,2,4,18.25,49.54,0,345.29
2026-01-16 03:00:00,3,4,20.16,50.73,0,330.05
2026-01-16 04:00:00,4,4,19.58,47.05,0,310.13
2026-01-16 05:00:00,5,4,15.16,50.6,0,329.56
2026-01-16 06:00:00,6,4,17.68,41.19,0,296.53
2026-01-16 07:00:00,7,4,17.76,46.92,0,293.24
2026-01-16 08:00:00,8,4,16.08,56.14,0,305.97
2026-01-16 09:00:00,9,4,10.72,32.71,0,328.34
2026-01-16 10:00:00,10,4,14.18,43.31,0,339.66
2026-01-16 11:00:00,11,4,14.39,54.99,0,373.78
2026-01-16 12:00:00,12,4,19.27,45.39,0,356.87
2026-01-16 13:00:00,13,4,19.45,50.61,0,348.4
2026-01-16 14:00:00,14,4,14.65,52.26,0,372.21
2026-01-16 15:00:00,15,4,13.93,60.97,0,386.57
2026-01-16 16:00:00,16,4,19.85,40.34,0,300.69
2026-01-16 17:00:00,17,4,19.3,52.03,0,291.62
2026-01-16 18:00:00,18,4,20.6,42.62,0,274.52
2026-01-16 19:00:00,19,4,15.34,51.74,0,301.61
2026-01-16 20:00:00,20,4,18.39,47.75,0,278.39
2026-01-16 21:00:00,21,4,17.93,49.07,0,316.38
2026-01-16 22:00:00,22,4,14.58,58.3,0,357.58
2026-01-16 23:00:00,23,4,16.93,57.2,0,339.02
2026-01-17 00:00:00,0,5,15.3,53.85,1,359.47
2026-01-17 01:00:00,1,5,15.08,46.32,1,350.51
2026-01-17 02:00:00,2,5,17.68,44.34,1,323.43
2026-01-17 03:00:00,3,5,16.32,51.77,1,324.2
2026-01-17 04:00:00,4,5,12.14,56.01,1,327.77
2026-01-17 05:00:00,5,5,19.77,45.83,1,272.27
2026-01-17 06:00:00,6,5,18.25,55.81,1,242.62
2026-01-17 07:00:00,7,5,15.48,52.02,1,279.64
2026-01-17 08:00:00,8,5,13.92,66.85,1,290.9
2026-01-17 09:00:00,9,5,14.75,60.11,1,293.46
2026-01-17 10:00:00,10,5,12.37,51.56,1,327.13
2026-01-17 11:00:00,11,5,14.37,55.24,1,330.67
2026-01-17 12:00:00,12,5,15.47,55.5,1,327.24
2026-01-17 13:00:00,13,5,18.03,44.2,1,324.28
2026-01-17 14:00:00,14,5,15.45,50.82,1,331.81
2026-01-17 15:00:00,15,5,14.24,44.87,1,327.38
2026-01-17 16:00:00,16,5,15.96,54.01,1,317.86
2026-01-17 17:00:00,17,5,13.2,63.07,1,317.02
2026-01-17 18:00:00,18,5,13.32,53.68,1,284.31
2026-01-17 19:00:00,19,5,12.13,52.0,1,295.87
2026-01-17 20:00:00,20,5,14.04,58.75,1,301.36
2026-01-17 21:00:00,21,5,13.49,44.47,1,316.67
2026-01-17 22:00:00,22,5,14.52,42.15,1,310.46
2026-01-17 23:00:00,23,5,15.5,37.4,1,316.24
2026-01-18 00:00:00,0,6,18.42,46.57,1,297.43
2026-01-18 01:00:00,1,6,15.81,45.38,1,325.35
2026-01-18 02:00:00,2,6,13.49,56.46,1,342.94
2026-01-18 03:00:00,3,6,20.42,46.46,1,303.56
2026-01-18 04:00:00,4,6,16.02,51.67,1,307.22
2026-01-18 05:00:00,5,6,14.53,61.19,1,311.59
2026-01-18 06:00:00,6,6,15.22,59.47,1,312.46
2026-01-18 07:00:00,7,6,9.52,64.26,1,323.73
2026-01-18 08:00:00,8,6,15.91,44.52,1,270.15
2026-01-18 09:00:00,9,6,11.65,51.25,1,309.61
2026-01-18 10:00:00,10,6,13.51,54.97,1,317.06
2026-01-18 11:00:00,11,6,13.59,47.33,1,332.08
2026-01-18 12:00:00,12,6,16.28,53.75,1,329.44
2026-01-18 13:00:00,13,6,14.89,52.97,1,332.49
2026-01-18 14:00:00,14,6,13.91,51.88,1,345.36
2026-01-18 15:00:00,15,6,13.66,50.53,1,341.63
2026-01-18 16:00:00,16,6,11.97,52.16,1,333.83
2026-01-18 17:00:00,17,6,12.49,57.02,1,309.38
2026-01-18 18:00:00,18,6,16.48,37.64,1,266.25
2026-01-18 19:00:00,19,6,13.61,47.76,1,290.25
2026-01-18 20:00:00,20,6,9.86,54.72,1,330.1
2026-01-18 21:00:00,21,6,16.11,36.68,1,249.83
2026-01-18 22:00:00,22,6,12.93,50.98,1,324.27
2026-01-18 23:00:00,23,6,13.47,51.27,1,312.91
2026-01-19 00:00:00,0,0,12.55,47.02,0,380.8
2026-01-19 01:00:00,1,0,10.79,52.77,0,408.21
2026-01-19 02:00:00,2,0,16.17,40.89,0,343.75
2026-01-19 03:00:00,3,0,14.35,56.77,0,378.99
2026-01-19 04:00:00,4,0,9.36,63.56,0,396.98
2026-01-19 05:00:00,5,0,15.91,47.41,0,327.64
2026-01-19 06:00:00,6,0,11.61,55.72,0,338.65
2026-01-19 07:00:00,7,0,10.87,64.87,0,337.12
2026-01-19 08:00:00,8,0,12.34,61.17,0,315.47
2026-01-19 09:00:00,9,0,9.31,44.78,0,336.2
2026-01-19 10:00:00,10,0,12.2,57.64,0,346.63
2026-01-19 11:00:00,11,0,11.46,65.09,0,402.85
2026-01-19 12:00:00,12,0,16.23,50.91,0,361.43
2026-01-19 13:00:00,13,0,12.1,68.07,0,393.97
2026-01-19 14:00:00,14,0,14.93,47.64,0,388.89
2026-01-19 15:00:00,15,0,10.15,56.95,0,381.54
2026-01-19 16:00:00,16,0,12.95,38.52,0,341.9
2026-01-19 17:00:00,17,0,14.89,55.9,0,318.53
2026-01-19 18:00:00,18,0,16.04,46.64,0,314.5
2026-01-19 19:00:00,19,0,11.04,60.39,0,334.76
2026-01-19 20:00:00,20,0,10.99,46.59,0,344.22
2026-01-19 21:00:00,21,0,11.9,44.18,0,336.67
2026-01-19 22:00:00,22,0,11.09,63.96,0,391.83
2026-01-19 23:00:00,23,0,10.25,51.87,0,387.16
2026-01-20 00:00:00,0,1,10.66,54.96,0,418.27
2026-01-20 01:00:00,1,1,13.92,49.27,0,369.9
2026-01-20 02:00:00,2,1,14.36,40.87,0,377.49
2026-01-20 03:00:00,3,1,11.8,52.81,0,393.03
2026-01-20 04:00:00,4,1,14.88,49.97,0,329.12
2026-01-20 05:00:00,5,1,14.28,45.97,0,333.85
2026-01-20 06:00:00,6,1,8.57,48.92,0,351.73
2026-01-20 07:00:00,7,1,13.19,52.52,0,306.16
2026-01-20 08:00:00,8,1,11.06,51.98,0,337.15
2026-01-20 09:00:00,9,1,11.45,53.96,0,358.04
2026-01-20 10:00:00,10,1,6.91,56.7,0,384.85
2026-01-20 11:00:00,11,1,11.12,49.39,1,356.68
2026-01-20 12:00:00,12,1,11.04,43.01,0,380.87
2026-01-20 13:00:00,13,1,13.83,58.57,0,386.88
2026-01-20 14:00:00,14,1,8.89,44.6,0,385.97
2026-01-20 15:00:00,15,1,14.23,68.91,0,395.86
2026-01-20 16:00:00,16,1,8.84,52.39,0,389.89
2026-01-20 17:00:00,17,1,9.06,60.35,1,338.29
2026-01-20 18:00:00,18,1,12.09,53.87,0,326.49
2026-01-20 19:00:00,19,1,9.15,58.55,0,318.24
2026-01-20 20:00:00,20,1,9.24,58.55,0,347.55
2026-01-20 21:00:00,21,1,13.79,49.44,0,341.37
2026-01-20 22:00:00,22,1,12.23,64.01,0,364.29
2026-01-20 23:00:00,23,1,14.49,48.75,0,376.22
2026-01-21 00:00:00,0,2,9.62,48.03,0,381.56
2026-01-21 01:00:00,1,2,14.91,45.24,0,359.17
2026-01-21 02:00:00,2,2,10.88,47.93,0,379.95
2026-01-21 03:00:00,3,2,10.9,53.85,0,376.3
2026-01-21 04:00:00,4,2,10.08,53.2,0,356.71
2026-01-21 05:00:00,5,2,13.21,52.12,0,331.13
2026-01-21 06:00:00,6,2,12.29,59.93,0,318.55
2026-01-21 07:00:00,7,2,10.94,38.17,0,311.56
2026-01-21 08:00:00,8,2,11.19,45.31,0,317.42
2026-01-21 09:00:00,9,2,7.36,63.51,0,363.39
2026-01-21 10:00:00,10,2,12.21,60.02,0,385.06
2026-01-21 11:00:00,11,2,11.04,56.23,0,385.4
2026-01-21 12:00:00,12,2,9.94,52.58,0,409.63
2026-01-21 13:00:00,13,2,10.77,51.14,0,388.06
2026-01-21 14:00:00,14,2,11.48,51.91,0,408.17
2026-01-21 15:00:00,15,2,11.8,55.92,0,384.27
2026-01-21 16:00:00,16,2,12.07,43.5,0,338.98
2026-01-21 17:00:00,17,2,12.51,49.51,0,335.05
2026-01-21 18:00:00,18,2,9.97,57.58,0,368.36
2026-01-21 19:00:00,19,2,8.52,58.61,0,344.72
2026-01-21 20:00:00,20,2,10.91,62.72,0,358.1
2026-01-21 21:00:00,21,2,10.73,48.72,0,329.57
2026-01-21 22:00:00,22,2,9.34,55.47,0,374.81
2026-01-21 23:00:00,23,2,7.88,60.17,0,401.55
2026-01-22 00:00:00,0,3,8.44,58.02,0,417.68
2026-01-22 01:00:00,1,3,12.66,61.34,0,379.31
2026-01-22 02:00:00,2,3,10.08,56.38,0,397.4
2026-01-22 03:00:00,3,3,9.96,57.67,0,398.8
2026-01-22 04:00:00,4,3,14.16,50.98,0,358.48
2026-01-22 05:00:00,5,3,6.7,62.02,0,373.09
2026-01-22 06:00:00,6,3,9.68,52.67,0,329.46
2026-01-22 07:00:00,7,3,10.62,55.5,0,340.04
2026-01-22 08:00:00,8,3,12.74,60.25,0,345.64
2026-01-22 09:00:00,9,3,13.01,61.05,0,340.31
2026-01-22 10:00:00,10,3,10.65,44.0,0,365.1
2026-01-22 11:00:00,11,3,12.48,71.82,0,385.04
2026-01-22 12:00:00,12,3,14.85,50.29,0,367.25
2026-01-22 13:00:00,13,3,10.05,58.42,0,386.65
2026-01-22 14:00:00,14,3,11.33,52.71,0,396.35
2026-01-22 15:00:00,15,3,11.08,50.13,0,389.77
2026-01-22 16:00:00,16,3,8.1,62.17,0,386.76
2026-01-22 17:00:00,17,3,10.05,56.77,0,360.28
2026-01-22 18:00:00,18,3,13.88,41.89,0,300.82
2026-01-22 19:00:00,19,3,9.36,68.81,1,312.5
2026-01-22 20:00:00,20,3,10.55,46.4,0,330.36
2026-01-22 21:00:00,21,3,9.98,71.02,0,373.24
2026-01-22 22:00:00,22,3,7.58,58.42,0,370.17
2026-01-22 23:00:00,23,3,9.84,41.13,0,368.76
2026-01-23 00:00:00,0,4,9.04,55.64,0,414.81
2026-01-23 01:00:00,1,4,13.46,55.59,0,374.39
2026-01-23 02:00:00,2,4,10.85,47.92,0,397.2
2026-01-23 03:00:00,3,4,9.42,46.7,0,388.15
2026-01-23 04:00:00,4,4,9.97,45.16,0,367.67
2026-01-23 05:00:00,5,4,9.32,60.27,1,307.95
2026-01-23 06:00:00,6,4,10.73,58.11,0,348.73
2026-01-23 07:00:00,7,4,11.0,71.98,0,339.09
2026-01-23 08:00:00,8,4,11.36,56.8,1,329.14
2026-01-23 09:00:00,9,4,13.26,53.61,0,338.29
2026-01-23 10:00:00,10,4,9.28,58.89,0,376.63
2026-01-23 11:00:00,11,4,7.79,59.6,0,396.63
2026-01-23 12:00:00,12,4,11.9,56.26,0,388.3
2026-01-23 13:00:00,13,4,10.08,56.55,0,403.28
2026-01-23 14:00:00,14,4,11.02,59.59,0,395.07
2026-01-23 15:00:00,15,4,13.37,54.48,0,380.01
2026-01-23 16:00:00,16,4,8.25,52.33,0,378.07
2026-01-23 17:00:00,17,4,7.01,53.63,0,372.93
2026-01-23 18:00:00,18,4,14.36,48.11,0,296.19
2026-01-23 19:00:00,19,4,10.24,50.73,0,328.81
2026-01-23 20:00:00,20,4,9.38,47.97,0,348.78
2026-01-23 21:00:00,21,4,7.0,48.56,0,376.72
2026-01-23 22:00:00,22,4,11.23,55.76,1,351.96
2026-01-23 23:00:00,23,4,10.71,55.85,0,370.95
2026-01-24 00:00:00,0,5,13.0,46.51,1,335.37
2026-01-24 01:00:00,1,5,6.0,56.71,1,420.79
2026-01-24 02:00:00,2,5,9.72,48.93,1,351.55
2026-01-24 03:00:00,3,5,8.35,52.69,1,377.03
2026-01-24 04:00:00,4,5,9.64,58.94,1,341.3
2026-01-24 05:00:00,5,5,8.91,46.4,1,333.62
2026-01-24 06:00:00,6,5,9.03,41.6,1,324.51
2026-01-24 07:00:00,7,5,8.67,57.7,1,295.68
2026-01-24 08:00:00,8,5,10.6,56.78,1,294.45
2026-01-24 09:00:00,9,5,9.76,59.18,1,325.9
2026-01-24 10:00:00,10,5,9.17,55.83,1,338.25
2026-01-24 11:00:00,11,5,13.38,59.41,1,358.71
2026-01-24 12:00:00,12,5,10.4,68.63,1,385.66
2026-01-24 13:00:00,13,5,10.28,56.03,1,363.85
2026-01-24 14:00:00,14,5,9.07,55.04,1,385.21
2026-01-24 15:00:00,15,5,10.6,58.45,1,352.76
2026-01-24 16:00:00,16,5,13.26,69.88,1,324.25
2026-01-24 17:00:00,17,5,12.48,43.66,1,297.37
2026-01-24 18:00:00,18,5,8.79,45.48,1,311.9
2026-01-24 19:00:00,19,5,10.76,53.37,1,322.0
2026-01-24 20:00:00,20,5,11.93,47.39,1,281.88
2026-01-24 21:00:00,21,5,11.23,59.97,1,321.43
2026-01-24 22:00:00,22,5,13.69,59.0,1,307.92
2026-01-24 23:00:00,23,5,8.16,54.99,1,368.74
2026-01-25 00:00:00,0,6,10.92,70.66,1,364.2
2026-01-25 01:00:00,1,6,10.93,48.27,1,371.39
2026-01-25 02:00:00,2,6,11.57,51.09,1,358.88
2026-01-25 03:00:00,3,6,14.01,52.78,1,325.75
2026-01-25 04:00:00,4,6,11.98,42.14,1,328.8
2026-01-25 05:00:00,5,6,7.98,55.89,1,340.09
2026-01-25 06:00:00,6,6,11.65,46.74,1,320.72
2026-01-25 07:00:00,7,6,8.55,65.3,1,318.61
2026-01-25 08:00:00,8,6,10.12,39.35,1,317.37
2026-01-25 09:00:00,9,6,8.05,50.43,1,321.2
2026-01-25 10:00:00,10,6,9.96,54.1,1,331.33
2026-01-25 11:00:00,11,6,11.18,54.0,1,358.06
2026-01-25 12:00:00,12,6,14.76,57.81,1,345.76
2026-01-25 13:00:00,13,6,13.83,49.02,1,342.39
2026-01-25 14:00:00,14,6,10.28,51.25,1,362.39
2026-01-25 15:00:00,15,6,14.91,49.04,1,322.91
2026-01-25 16:00:00,16,6,10.5,47.25,1,317.52
2026-01-25 17:00:00,17,6,9.88,63.07,1,358.64
2026-01-25 18:00:00,18,6,11.83,49.39,1,305.58
2026-01-25 19:00:00,19,6,11.5,52.39,1,295.62
2026-01-25 20:00:00,20,6,10.44,65.37,1,319.85
2026-01-25 21:00:00,21,6,14.72,54.29,1,285.88
2026-01-25 22:00:00,22,6,10.54,56.59,1,343.81
2026-01-25 23:00:00,23,6,10.23,60.1,1,377.62
2026-01-26 00:00:00,0,0,7.83,49.26,0,400.33
2026-01-26 01:00:00,1,0,12.81,58.26,0,404.6
2026-01-26 02:00:00,2,0,10.78,58.19,0,424.81
2026-01-26 03:00:00,3,0,12.82,68.12,0,389.11
2026-01-26 04:00:00,4,0,10.69,30.82,0,348.58
2026-01-26 05:00:00,5,0,15.08,46.67,0,328.07
2026-01-26 06:00:00,6,0,9.19,45.27,0,353.57
2026-01-26 07:00:00,7,0,9.96,71.67,0,361.37
2026-01-26 08:00:00,8,0,10.44,52.27,0,356.04
2026-01-26 09:00:00,9,0,11.24,41.99,0,326.06
2026-01-26 10:00:00,10,0,13.02,54.55,0,359.22
2026-01-26 11:00:00,11,0,12.33,52.94,0,356.52
2026-01-26 12:00:00,12,0,14.49,51.11,0,375.24
2026-01-26 13:00:00,13,0,12.89,57.34,0,377.97
2026-01-26 14:00:00,14,0,10.56,56.12,0,390.39
2026-01-26 15:00:00,15,0,12.87,45.33,0,374.71
2026-01-26 16:00:00,16,0,12.21,72.37,0,384.49
2026-01-26 17:00:00,17,0,17.9,53.17,0,310.03
2026-01-26 18:00:00,18,0,10.12,60.37,0,355.54
2026-01-26 19:00:00,19,0,14.63,39.41,0,300.08
2026-01-26 20:00:00,20,0,10.42,58.01,0,359.87
2026-01-26 21:00:00,21,0,13.2,53.8,0,323.79
2026-01-26 22:00:00,22,0,12.0,58.77,0,366.97
2026-01-26 23:00:00,23,0,15.11,52.25,0,341.64
2026-01-27 00:00:00,0,1,12.41,42.93,0,398.74
2026-01-27 01:00:00,1,1,9.02,57.76,0,419.38
2026-01-27 02:00:00,2,1,12.63,47.97,0,392.37
2026-01-27 03:00:00,3,1,9.8,43.69,0,392.65
2026-01-27 04:00:00,4,1,9.89,42.74,0,365.7
2026-01-27 05:00:00,5,1,12.86,54.34,0,321.1
2026-01-27 06:00:00,6,1,10.97,44.04,0,327.1
2026-01-27 07:00:00,7,1,15.22,46.55,0,309.08
2026-01-27 08:00:00,8,1,10.19,59.22,0,352.95
2026-01-27 09:00:00,9,1,13.56,42.27,0,336.24
2026-01-27 10:00:00,10,1,9.33,68.11,0,381.4
2026-01-27 11:00:00,11,1,11.81,58.57,0,377.79
2026-01-27 12:00:00,12,1,13.19,61.83,0,379.59
2026-01-27 13:00:00,13,1,9.07,67.08,0,410.14
2026-01-27 14:00:00,14,1,13.85,51.11,0,392.17
2026-01-27 15:00:00,15,1,15.75,39.06,0,352.68
2026-01-27 16:00:00,16,1,12.14,60.28,0,362.11
2026-01-27 17:00:00,17,1,14.34,49.09,0,326.47
2026-01-27 18:00:00,18,1,14.06,53.53,0,307.83
2026-01-27 19:00:00,19,1,16.04,61.49,0,330.37
2026-01-27 20:00:00,20,1,13.78,48.03,0,320.37
2026-01-27 21:00:00,21,1,14.33,47.78,0,318.83
2026-01-27 22:00:00,22,1,10.31,46.04,0,352.98
2026-01-27 23:00:00,23,1,13.45,44.83,0,369.69
2026-01-28 00:00:00,0,2,13.74,50.38,0,382.73
2026-01-28 01:00:00,1,2,14.71,49.64,0,376.65
2026-01-28 02:00:00,2,2,12.45,42.98,0,381.13
2026-01-28 03:00:00,3,2,12.51,47.36,0,352.15
2026-01-28 04:00:00,4,2,13.82,68.34,0,342.11
2026-01-28 05:00:00,5,2,13.21,66.2,0,335.83
2026-01-28 06:00:00,6,2,15.7,41.83,0,287.01
2026-01-28 07:00:00,7,2,13.84,49.15,0,309.93
2026-01-28 08:00:00,8,2,9.98,61.67,0,345.54
2026-01-28 09:00:00,9,2,12.73,57.24,0,367.37
2026-01-28 10:00:00,10,2,14.1,48.07,0,328.76
2026-01-28 11:00:00,11,2,11.48,49.47,0,347.82
2026-01-28 12:00:00,12,2,14.77,48.82,0,380.95
2026-01-28 13:00:00,13,2,13.93,54.48,0,404.21
2026-01-28 14:00:00,14,2,14.71,46.13,0,370.39
2026-01-28 15:00:00,15,2,14.47,42.08,0,352.42
2026-01-28 16:00:00,16,2,14.55,52.07,0,332.25
2026-01-28 17:00:00,17,2,15.16,52.54,0,319.53
2026-01-28 18:00:00,18,2,15.36,54.31,0,301.41
2026-01-28 19:00:00,19,2,13.74,52.62,0,321.4
2026-01-28 20:00:00,20,2,12.59,53.95,0,323.28
2026-01-28 21:00:00,21,2,15.83,52.98,0,319.95
2026-01-28 22:00:00,22,2,17.5,34.72,0,290.66
2026-01-28 23:00:00,23,2,20.96,46.45,0,325.61
2026-01-29 00:00:00,0,3,14.26,61.77,0,393.63
2026-01-29 01:00:00,1,3,11.83,55.51,0,406.71
2026-01-29 02:00:00,2,3,15.08,43.43,0,362.42
2026-01-29 03:00:00,3,3,16.56,56.65,0,355.72
2026-01-29 04:00:00,4,3,13.68,50.81,0,365.04
2026-01-29 05:00:00,5,3,16.45,41.71,0,306.79
2026-01-29 06:00:00,6,3,14.98,66.48,0,326.23
2026-01-29 07:00:00,7,3,17.04,43.74,0,288.27
2026-01-29 08:00:00,8,3,15.94,53.1,0,334.04
2026-01-29 09:00:00,9,3,15.86,48.76,0,312.01
2026-01-29 10:00:00,10,3,14.83,45.95,0,347.03
2026-01-29 11:00:00,11,3,13.71,41.6,1,335.22
2026-01-29 12:00:00,12,3,16.43,58.49,0,369.39
2026-01-29 13:00:00,13,3,13.26,49.04,0,400.18
2026-01-29 14:00:00,14,3,13.41,58.76,0,403.83
2026-01-29 15:00:00,15,3,15.74,50.73,0,365.65
2026-01-29 16:00:00,16,3,15.24,56.82,0,325.06
2026-01-29 17:00:00,17,3,17.49,46.1,0,303.19
2026-01-29 18:00:00,18,3,13.32,63.67,0,330.35
2026-01-29 19:00:00,19,3,16.22,57.42,0,317.57
2026-01-29 20:00:00,20,3,13.89,57.34,0,311.21
2026-01-29 21:00:00,21,3,13.9,44.79,0,330.96
2026-01-29 22:00:00,22,3,18.14,41.19,0,321.91
2026-01-29 23:00:00,23,3,13.7,42.41,0,381.24
2026-01-30 00:00:00,0,4,16.28,47.88,0,348.24
2026-01-30 01:00:00,1,4,13.64,51.15,0,396.32
2026-01-30 02:00:00,2,4,14.55,48.81,0,375.47
2026-01-30 03:00:00,3,4,16.81,45.0,0,353.16
2026-01-30 04:00:00,4,4,17.99,44.28,0,318.68
2026-01-30 05:00:00,5,4,19.29,44.38,0,274.32
2026-01-30 06:00:00,6,4,15.95,46.33,0,313.74
2026-01-30 07:00:00,7,4,15.92,55.33,0,299.66
2026-01-30 08:00:00,8,4,15.19,59.76,0,291.04
2026-01-30 09:00:00,9,4,18.84,43.31,0,301.89
2026-01-30 10:00:00,10,4,17.52,65.76,0,344.93
2026-01-30 11:00:00,11,4,14.92,44.8,0,335.83
2026-01-30 12:00:00,12,4,17.19,48.0,0,358.89
2026-01-30 13:00:00,13,4,17.35,48.74,0,369.52
2026-01-30 14:00:00,14,4,14.91,45.09,0,369.82
2026-01-30 15:00:00,15,4,16.46,52.79,0,355.45
2026-01-30 16:00:00,16,4,15.57,59.44,0,340.14
2026-01-30 17:00:00,17,4,18.01,39.95,0,299.13
2026-01-30 18:00:00,18,4,15.67,57.42,0,326.33
2026-01-30 19:00:00,19,4,16.64,57.19,0,294.15
2026-01-30 20:00:00,20,4,22.3,41.25,0,261.07
2026-01-30 21:00:00,21,4,18.47,44.87,0,306.34
2026-01-30 22:00:00,22,4,20.69,49.09,0,313.66
2026-01-30 23:00:00,23,4,19.56,38.77,0,321.13
