customer_id,age,annual_income,city,credit_score,signup_date,risk_flag
CUS-10000,70.4,,Pune,628,2022-01-11,low
CUS-10001,55.1,53840.62,Delhi,657,2022-01-20,low
CUS-10002,,,Chennai,719,2023-12-28,low
CUS-10003,34.5,27852.27,Delhi,617,2023-12-17,high
CUS-10004,30.9,75976.49,Chennai,706,2024-08-29,low
CUS-10005,41.2,54306.95,Pune,563,2025-11-11,high
CUS-10006,50.6,35405.78,Pune,597,2023-05-19,high
CUS-10007,47.7,53642.49,Delhi,616,2024-06-21,low
CUS-10008,35.1,36413.62,Pune,701,2023-10-11,high
CUS-10009,25.6,43578.88,Bengaluru,645,2025-08-28,low
CUS-10010,49.6,27815.79,Bengaluru,666,2023-04-06,high
CUS-10011,37.3,44805.9,Chennai,567,2023-01-21,high
CUS-10012,26.9,33389.35,Bengaluru,617,2025-02-18,high
CUS-10013,32.4,32712.56,Hyderabad,714,2023-09-06,high
CUS-10014,45.8,35962.98,Pune,568,2024-11-14,high
CUS-10015,63.3,,Hyderabad,632,2023-07-14,low
CUS-10016,37.8,46965.99,Pune,736,2023-07-10,low
CUS-10017,46.1,39261.09,Pune,632,2024-09-19,low
CUS-10018,,49620.07,Delhi,705,2025-09-26,low
CUS-10019,43.1,83209.78,Hyderabad,632,2022-10-17,low
CUS-10020,55.4,68606.5,Chennai,620,2023-12-13,low
CUS-10021,28.4,20604.47,Pune,539,2023-02-18,high
CUS-10022,48.9,37342.6,Hyderabad,841,2025-01-29,high
CUS-10023,38.1,65365.12,Hyderabad,763,2025-11-30,low
CUS-10024,,43809.07,Chennai,665,2023-10-11,low
CUS-10025,,35097.51,Hyderabad,828,2023-12-24,high
CUS-10026,40.0,20201.59,Delhi,813,2023-05-06,high
CUS-10027,32.3,53245.47,Pune,754,2022-08-01,low
CUS-10028,41.9,19486.15,Pune,709,2025-08-21,high
CUS-10029,43.6,48192.88,Chennai,706,2023-12-26,low
CUS-10030,63.4,57599.39,Pune,632,2025-02-02,low
CUS-10031,46.2,,Bengaluru,498,2023-12-06,high
CUS-10032,44.2,27740.78,Chennai,740,2022-03-24,high
CUS-10033,60.3,38019.11,,548,2024-09-28,high
CUS-10034,26.8,71527.92,Hyderabad,638,2023-09-14,low
CUS-10035,46.5,22074.14,Delhi,719,2024-12-29,high
CUS-10036,34.2,,Bengaluru,639,2024-04-15,low
CUS-10037,66.6,,Chennai,636,2022-01-28,low
CUS-10038,44.9,74201.63,Chennai,850,2023-02-08,low
CUS-10039,39.2,86312.24,Bengaluru,599,2024-11-23,high
CUS-10040,44.4,32047.58,Bengaluru,786,2024-06-21,high
CUS-10041,44.8,45692.5,Pune,625,2023-05-07,low
CUS-10042,35.2,56442.94,Chennai,686,2023-04-17,low
CUS-10043,46.1,,,631,2025-08-29,low
CUS-10044,,41617.65,Bengaluru,611,2023-09-12,low
CUS-10045,36.1,61284.64,Hyderabad,547,2022-11-19,high
CUS-10046,12.1,44690.83,,781,2023-11-13,low
CUS-10047,33.9,43680.17,Pune,600,2025-02-11,high
CUS-10048,33.7,113048.43,Pune,629,2023-01-04,low
CUS-10049,65.2,29041.23,Bengaluru,722,2025-08-21,high
CUS-10050,34.5,34730.61,Pune,653,2023-03-16,high
CUS-10051,59.7,42707.35,Hyderabad,643,2022-03-11,low
CUS-10052,45.5,58826.09,Delhi,738,2024-12-07,low
CUS-10053,55.5,51962.39,Chennai,627,2022-01-16,low
CUS-10054,50.1,,,668,2023-05-07,low
CUS-10055,49.6,57624.96,Chennai,683,2023-08-17,low
CUS-10056,34.4,43497.49,Delhi,839,2024-10-03,low
CUS-10057,56.7,62341.57,Delhi,787,2025-10-10,low
CUS-10058,49.3,45662.56,Chennai,627,2023-08-29,low
CUS-10059,44.8,39891.02,Pune,472,2024-06-13,high
CUS-10060,46.3,74039.01,Bengaluru,683,2025-11-07,low
CUS-10061,,33743.74,Pune,684,2024-11-01,high
CUS-10062,6.3,68878.09,Delhi,756,2022-11-06,low
CUS-10063,56.1,31520.11,Chennai,648,2024-11-03,high
CUS-10064,34.6,57949.95,Bengaluru,788,2025-05-22,low
CUS-10065,20.8,51940.54,Bengaluru,631,2024-02-17,low
CUS-10066,47.3,24347.55,Chennai,636,2024-06-10,high
CUS-10067,49.1,58393.26,Bengaluru,674,2022-10-14,low
CUS-10068,52.2,45273.83,Hyderabad,750,2022-03-29,low
CUS-10069,31.9,23679.77,Chennai,759,2024-11-14,high
CUS-10070,44.3,100018.61,Pune,570,2025-04-01,high
CUS-10071,20.9,60557.23,Delhi,774,2024-11-15,low
CUS-10072,45.1,81882.11,Pune,750,2023-01-29,low
CUS-10073,47.7,49697.65,Delhi,641,2025-07-17,low
CUS-10074,52.5,27422.8,Chennai,631,2023-12-03,high
CUS-10075,47.2,,,688,2022-01-12,low
CUS-10076,47.2,59745.79,Delhi,751,2024-01-05,low
CUS-10077,36.8,41009.14,Pune,576,2025-01-23,high
CUS-10078,54.8,35697.79,Delhi,606,2024-04-11,high
CUS-10079,51.0,55309.93,Pune,643,2025-03-24,low
CUS-10080,48.6,14540.43,Chennai,549,2023-11-15,high
CUS-10081,37.7,76289.54,Hyderabad,682,2022-08-28,low
CUS-10082,58.3,80642.12,Hyderabad,556,2024-01-15,high
CUS-10083,32.5,22451.41,Delhi,771,2022-12-16,high
CUS-10084,49.9,75437.8,Delhi,692,2022-08-12,low
CUS-10085,25.2,30218.27,Chennai,730,2024-10-01,high
CUS-10086,43.6,45915.78,Delhi,751,2023-10-31,low
CUS-10087,48.9,62120.9,Hyderabad,612,2025-10-06,low
CUS-10088,,43907.81,Bengaluru,650,2022-12-12,low
CUS-10089,34.6,,Delhi,668,2025-11-28,low
CUS-10090,35.7,46777.49,Bengaluru,794,2023-02-28,low
CUS-10091,54.1,66612.96,Delhi,589,2023-02-15,high
CUS-10092,,30468.5,Hyderabad,410,2023-08-28,high
CUS-10093,48.7,58474.28,,737,2022-10-20,low
CUS-10094,14.2,37141.05,Hyderabad,642,2024-03-24,high
CUS-10095,,33720.3,Pune,557,2022-07-07,high
CUS-10096,54.1,,Chennai,603,2025-06-25,low
CUS-10097,31.9,53115.31,Pune,640,2024-10-05,low
CUS-10098,26.5,,Chennai,499,2024-09-12,high
CUS-10099,39.0,43143.74,Pune,699,2023-11-19,low
CUS-10100,60.6,52466.73,Hyderabad,672,2023-10-14,low
CUS-10101,,35421.55,Chennai,728,2025-09-11,high
CUS-10102,47.7,39716.7,,737,2022-05-07,low
CUS-10103,47.4,55648.6,Chennai,721,2023-06-23,low
CUS-10104,51.8,55767.33,Pune,657,2023-10-17,low
CUS-10105,14.8,25388.47,Hyderabad,646,2024-08-01,high
CUS-10106,38.6,142907.57,Pune,653,2025-06-09,low
CUS-10107,57.0,,Delhi,728,2024-01-30,low
CUS-10108,34.2,55124.17,,558,2024-06-09,high
CUS-10109,25.3,36798.28,Chennai,738,2025-12-25,high
CUS-10110,35.5,122702.26,Delhi,710,2023-04-22,low
CUS-10111,16.4,76839.96,Chennai,582,2024-08-18,high
CUS-10112,30.7,43760.68,Delhi,514,2025-07-14,high
CUS-10113,35.6,38660.44,Hyderabad,663,2022-08-15,low
CUS-10114,33.6,31729.53,Delhi,604,2023-03-13,high
CUS-10115,,62778.27,Delhi,840,2023-06-16,low
CUS-10116,31.5,45256.65,Chennai,675,2022-07-23,low
CUS-10117,43.4,31131.53,Pune,656,2024-03-06,high
CUS-10118,36.6,48998.5,Chennai,589,2022-12-23,high
CUS-10119,62.7,76311.64,Bengaluru,560,2022-09-21,high
CUS-10120,45.4,27474.14,Hyderabad,523,2022-08-10,high
CUS-10121,36.4,40090.36,Pune,737,2025-10-09,low
CUS-10122,44.9,94273.44,Hyderabad,666,2024-02-17,low
CUS-10123,34.5,,Delhi,495,2024-09-02,high
CUS-10124,20.9,32731.54,Hyderabad,714,2024-09-29,high
CUS-10125,40.8,27031.89,,606,2025-03-17,high
CUS-10126,49.5,46685.65,Pune,695,2024-11-06,low
CUS-10127,52.2,68009.48,Chennai,730,2025-01-06,low
CUS-10128,54.9,,Hyderabad,710,2024-08-02,low
CUS-10129,39.8,70474.3,Delhi,608,2024-06-22,low
CUS-10130,46.4,46370.45,Chennai,659,2022-09-14,low
CUS-10131,27.8,33470.98,Delhi,673,2024-07-17,high
CUS-10132,65.5,89995.96,Pune,722,2024-12-25,low
CUS-10133,40.5,99292.01,Bengaluru,629,2025-04-19,low
CUS-10134,41.7,45573.62,Delhi,626,2022-09-24,low
CUS-10135,34.6,66639.16,Chennai,600,2024-04-26,low
CUS-10136,30.3,,Bengaluru,803,2024-06-14,low
CUS-10137,50.6,55030.68,Pune,634,2024-04-08,low
CUS-10138,47.4,75974.0,Delhi,669,2022-08-30,low
CUS-10139,36.1,42309.05,Pune,601,2024-08-24,low
CUS-10140,35.9,50741.03,Bengaluru,500,2025-05-19,high
CUS-10141,44.8,20128.52,Delhi,779,2023-10-04,high
CUS-10142,33.9,120330.66,Bengaluru,679,2023-02-23,low
CUS-10143,28.9,52641.34,Pune,499,2023-09-30,high
CUS-10144,76.6,38206.04,Bengaluru,534,2024-01-22,high
CUS-10145,44.9,60231.95,Chennai,673,2022-05-02,low
CUS-10146,44.5,54665.83,Delhi,626,2024-02-12,low
CUS-10147,39.2,58397.82,Pune,691,2025-11-10,low
CUS-10148,55.6,34427.84,Hyderabad,443,2024-04-27,high
CUS-10149,24.3,62261.26,Hyderabad,598,2023-02-05,high
CUS-10150,53.9,44226.74,Pune,697,2022-05-27,low
CUS-10151,40.9,61926.52,Hyderabad,723,2025-09-24,low
CUS-10152,31.6,82767.91,Bengaluru,650,2022-01-03,low
CUS-10153,57.5,39092.25,Hyderabad,743,2023-11-05,low
CUS-10154,62.5,293063.71,Chennai,678,2023-08-31,low
CUS-10155,30.0,35467.18,Bengaluru,679,2024-10-13,high
CUS-10156,39.9,53246.89,Pune,678,2024-11-30,low
CUS-10157,27.6,377305.91,Bengaluru,676,2025-08-10,low
CUS-10158,27.3,49528.18,Pune,475,2023-09-10,high
CUS-10159,39.0,69817.1,Bengaluru,687,2023-09-29,low
CUS-10160,56.5,75864.97,Pune,719,2024-02-04,low
CUS-10161,37.8,,Pune,615,2023-07-16,low
CUS-10162,28.3,20902.03,Delhi,656,2023-11-20,high
CUS-10163,27.2,,Chennai,627,2025-11-14,low
CUS-10164,21.2,32294.64,Pune,815,2024-05-07,high
CUS-10165,48.9,46734.57,Bengaluru,617,2022-11-26,low
CUS-10166,47.4,29236.78,Delhi,709,2023-04-13,high
CUS-10167,14.4,65429.5,Pune,619,2024-03-08,low
CUS-10168,20.1,,Pune,691,2025-01-08,low
CUS-10169,48.2,49814.68,Chennai,753,2022-12-07,low
CUS-10170,38.2,20542.77,Hyderabad,652,2023-08-03,high
CUS-10171,53.2,34008.29,Delhi,709,2023-03-12,high
CUS-10172,29.2,,,639,2023-03-05,low
CUS-10173,38.6,37040.56,Bengaluru,724,2023-04-18,high
CUS-10174,41.6,34935.76,Hyderabad,606,2022-09-24,high
CUS-10175,68.3,34238.59,Chennai,763,2022-08-05,high
CUS-10176,40.0,,Hyderabad,599,2022-09-14,high
CUS-10177,42.8,21562.18,Hyderabad,707,2025-05-20,high
CUS-10178,33.9,53361.24,Delhi,718,2023-08-06,low
CUS-10179,38.1,55348.41,Bengaluru,405,2022-02-05,high
CUS-10180,36.8,89098.86,Pune,647,2022-03-06,low
CUS-10181,24.1,,Pune,603,2025-03-03,low
CUS-10182,46.0,27103.72,Pune,593,2025-09-09,high
CUS-10183,56.5,,Pune,728,2022-04-12,low
CUS-10184,28.1,49770.76,Hyderabad,511,2025-05-07,high
CUS-10185,32.6,54572.42,Pune,581,2024-11-13,high
CUS-10186,26.8,49258.38,Bengaluru,820,2022-03-20,low
CUS-10187,35.3,70338.98,Chennai,627,2022-09-08,low
CUS-10188,48.5,39817.8,Delhi,760,2023-09-27,low
CUS-10189,,31397.62,Chennai,689,2023-11-13,high
CUS-10190,22.2,45524.94,Chennai,615,2022-06-11,low
CUS-10191,27.3,50860.21,Chennai,697,2025-03-13,low
CUS-10192,41.7,39426.74,Hyderabad,645,2024-01-23,low
CUS-10193,,34115.01,Pune,709,2025-11-30,high
CUS-10194,30.9,49628.14,Hyderabad,539,2025-02-23,high
CUS-10195,50.2,51070.34,Hyderabad,521,2024-03-31,high
CUS-10196,,42951.66,Pune,711,2025-01-18,low
CUS-10197,32.0,74840.38,Hyderabad,735,2024-11-17,low
CUS-10198,26.5,48489.84,Delhi,737,2025-02-28,low
CUS-10199,28.1,47305.72,,746,2025-04-03,low
CUS-10200,35.5,648334.26,Pune,646,2022-10-27,low
CUS-10201,,125644.33,Delhi,625,2024-02-26,low
CUS-10202,57.9,15657.47,,777,2024-08-26,high
CUS-10203,46.1,55259.25,Pune,761,2024-11-25,low
CUS-10204,35.9,102137.09,Bengaluru,560,2022-06-27,high
CUS-10205,49.6,,Bengaluru,788,2023-06-22,low
CUS-10206,54.8,59629.42,Delhi,590,2022-05-04,high
CUS-10207,43.9,40275.98,Delhi,551,2023-06-06,high
CUS-10208,41.7,30583.75,Hyderabad,733,2022-07-26,high
CUS-10209,30.9,43425.04,Bengaluru,531,2022-01-24,high
CUS-10210,32.7,49665.27,Delhi,636,2022-02-15,low
CUS-10211,48.7,16340.0,Delhi,663,2022-03-26,high
CUS-10212,52.2,37845.25,Chennai,580,2022-08-05,high
CUS-10213,73.9,,Bengaluru,736,2025-10-20,low
CUS-10214,34.9,89085.27,Chennai,564,2022-11-18,high
CUS-10215,51.4,21655.28,Bengaluru,624,2022-03-07,high
CUS-10216,60.1,60485.2,,616,2022-04-03,low
CUS-10217,36.8,14527.74,Chennai,727,2024-09-03,high
CUS-10218,48.5,103016.18,Bengaluru,433,2025-12-27,high
CUS-10219,41.1,54998.03,Chennai,612,2023-03-25,low
CUS-10220,,24655.46,Delhi,573,2022-01-30,high
CUS-10221,47.6,52214.2,Delhi,680,2022-08-01,low
CUS-10222,39.1,44690.05,Hyderabad,583,2025-03-02,high
CUS-10223,56.2,34166.76,Chennai,675,2024-12-03,high
CUS-10224,40.0,,Delhi,645,2024-11-20,low
CUS-10225,48.6,40812.66,Pune,541,2024-08-11,high
CUS-10226,50.1,17315.82,Chennai,745,2022-02-19,high
CUS-10227,43.4,40462.96,Pune,664,2024-04-04,low
CUS-10228,41.8,,Delhi,728,2025-04-05,low
CUS-10229,,58017.28,Chennai,724,2022-10-12,low
CUS-10230,40.8,47594.51,Hyderabad,656,2024-06-14,low
CUS-10231,75.1,21376.41,Bengaluru,706,2022-07-29,high
CUS-10232,39.0,58442.32,Bengaluru,707,2025-02-09,low
CUS-10233,,,Pune,758,2023-12-28,low
CUS-10234,59.5,52023.22,Chennai,716,2025-07-03,low
CUS-10235,41.2,80956.63,Hyderabad,544,2025-02-11,high
CUS-10236,56.5,66322.31,Hyderabad,685,2022-08-24,low
CUS-10237,59.1,71103.0,Hyderabad,625,2023-07-16,low
CUS-10238,,58528.57,Delhi,627,2024-06-05,low
CUS-10239,49.4,62373.09,Pune,778,2023-05-15,low
CUS-10240,69.1,98877.63,Hyderabad,817,2023-02-18,low
CUS-10241,,30386.95,Delhi,608,2023-01-03,high
CUS-10242,43.8,,Chennai,593,2022-04-26,high
CUS-10243,34.2,44965.83,Hyderabad,757,2022-05-28,low
CUS-10244,22.9,44394.23,Bengaluru,642,2022-02-17,low
CUS-10245,50.4,61065.1,,689,2023-02-04,low
CUS-10246,47.3,51609.03,,739,2022-10-18,low
CUS-10247,29.7,49165.08,Chennai,585,2022-09-06,high
CUS-10248,47.8,55297.88,Delhi,593,2023-11-25,high
CUS-10249,76.5,46725.23,Hyderabad,741,2025-10-05,low
CUS-10250,,46725.01,,705,2023-09-18,low
CUS-10251,12.4,47322.71,Hyderabad,714,2025-12-24,low
CUS-10252,56.2,75026.04,Hyderabad,554,2024-02-18,high
CUS-10253,40.8,101156.18,Hyderabad,601,2022-08-09,low
CUS-10254,,56756.19,Bengaluru,509,2025-01-15,high
CUS-10255,14.1,105070.26,Chennai,842,2025-11-08,low
CUS-10256,52.4,40939.43,Hyderabad,737,2023-11-21,low
CUS-10257,,,Chennai,669,2023-02-20,low
CUS-10258,43.5,38604.58,Delhi,659,2022-10-30,low
CUS-10259,57.0,31710.9,Hyderabad,671,2024-05-19,high
CUS-10260,51.2,,Pune,723,2024-09-21,low
CUS-10261,50.1,58369.86,Pune,673,2024-11-18,low
CUS-10262,52.8,90203.52,Delhi,710,2023-10-21,low
CUS-10263,38.8,123563.73,Delhi,614,2022-07-02,low
CUS-10264,55.0,35686.29,Hyderabad,755,2022-01-17,high
CUS-10265,,46413.84,Hyderabad,757,2023-03-20,low
CUS-10266,36.6,36303.71,Delhi,575,2023-05-20,high
CUS-10267,61.3,39505.33,Hyderabad,754,2022-12-08,low
CUS-10268,36.0,77518.51,Bengaluru,691,2022-12-28,low
CUS-10269,55.3,33568.37,Hyderabad,850,2022-10-09,high
CUS-10270,61.3,43142.8,Hyderabad,651,2024-01-31,low
CUS-10271,15.7,31209.87,Pune,793,2024-10-08,high
CUS-10272,,48747.69,Bengaluru,651,2023-11-27,low
CUS-10273,25.1,76285.52,Bengaluru,651,2024-01-31,low
CUS-10274,69.0,49102.94,Pune,669,2025-11-14,low
CUS-10275,39.3,96974.51,Chennai,850,2023-11-02,low
CUS-10276,36.7,58987.69,Hyderabad,737,2023-05-12,low
CUS-10277,49.7,96336.5,Chennai,782,2025-12-12,low
CUS-10278,25.2,71992.8,Delhi,653,2023-11-25,low
CUS-10279,68.6,29561.18,Chennai,740,2025-04-02,high
CUS-10280,30.2,54975.31,Delhi,634,2024-08-28,low
CUS-10281,,29032.02,Chennai,661,2022-08-11,high
CUS-10282,35.2,40347.74,Chennai,590,2023-04-05,high
CUS-10283,26.3,40423.3,Delhi,624,2022-01-06,low
CUS-10284,,55918.86,Pune,737,2024-10-04,low
CUS-10285,48.7,49127.77,Pune,601,2025-04-10,low
CUS-10286,52.5,80779.8,Delhi,703,2023-11-29,low
CUS-10287,46.6,,Delhi,705,2025-04-21,low
CUS-10288,50.8,84591.86,Delhi,606,2022-09-12,low
CUS-10289,29.2,84000.98,,695,2025-12-23,low
CUS-10290,44.6,65374.02,Bengaluru,592,2022-11-03,high
CUS-10291,,67772.43,Pune,600,2024-03-22,high
CUS-10292,53.4,72468.56,Chennai,543,2022-07-11,high
CUS-10293,38.5,24809.73,Bengaluru,619,2025-11-21,high
CUS-10294,33.9,32426.36,Delhi,705,2022-12-01,high
CUS-10295,9.6,89012.31,Hyderabad,667,2022-08-15,low
CUS-10296,29.6,31935.94,Bengaluru,738,2025-11-16,high
CUS-10297,46.6,30573.1,Hyderabad,556,2025-01-30,high
CUS-10298,33.9,,Delhi,669,2022-10-30,low
CUS-10299,41.0,,Chennai,733,2024-01-22,low
CUS-10000,70.4,,Pune,628,2022-01-11,low
CUS-10001,55.1,53840.62,Delhi,657,2022-01-20,low
CUS-10002,,,Chennai,719,2023-12-28,low
CUS-10003,34.5,27852.27,Delhi,617,2023-12-17,high
CUS-10004,30.9,75976.49,Chennai,706,2024-08-29,low
CUS-10005,41.2,54306.95,Pune,563,2025-11-11,high
CUS-10006,50.6,35405.78,Pune,597,2023-05-19,high
CUS-10007,47.7,53642.49,Delhi,616,2024-06-21,low
CUS-10008,35.1,36413.62,Pune,701,2023-10-11,high
CUS-10009,25.6,43578.88,Bengaluru,645,2025-08-28,low
CUS-10010,49.6,27815.79,Bengaluru,666,2023-04-06,high
CUS-10011,37.3,44805.9,Chennai,567,2023-01-21,high
