temperature_c,pressure_bar,vibration_mm_s,moisture_pct,shift,supplier,operator_experience_years,quality_grade
64.68,31.52,2.274,3.58,night,A,1,B
68.77,33.24,1.453,4.11,night,D,6,B
68.93,39.46,3.071,5.9,morning,D,6,C
66.36,33.69,2.678,6.3,morning,C,2,C
50.19,29.88,3.186,3.49,evening,B,11,C
82.35,35.68,3.604,6.03,morning,D,14,C
77.77,36.89,0.556,5.17,morning,D,3,B
72.22,25.78,2.515,3.43,night,C,9,B
62.84,29.33,2.396,6.26,evening,A,17,A
72.96,27.22,0.468,3.79,evening,B,1,A
80.4,24.12,4.034,3.63,night,C,11,C
80.97,33.56,3.012,7.52,night,C,7,C
64.12,32.49,3.718,3.78,evening,A,20,B
66.18,30.35,3.519,5.18,night,B,18,A
80.11,27.37,2.165,2.04,evening,D,15,B
76.09,36.05,1.167,3.31,night,D,12,B
78.79,30.16,3.578,5.23,evening,C,1,B
74.61,37.77,1.816,5.07,evening,C,15,A
62.07,29.12,1.682,3.74,morning,A,20,A
87.56,33.62,2.909,4.83,morning,D,15,C
68.73,34.24,4.707,3.83,night,A,5,C
57.58,28.34,1.438,3.75,morning,D,8,C
88.28,33.64,3.394,3.92,night,D,2,C
86.95,27.0,2.31,4.35,morning,D,15,C
65.33,38.52,4.546,5.12,evening,C,2,C
76.38,39.4,2.684,3.12,morning,D,7,C
65.06,31.88,3.233,4.01,evening,A,9,A
61.54,32.28,1.257,4.28,evening,C,16,A
70.33,37.84,0.871,2.96,morning,A,10,B
71.56,34.56,3.92,3.3,evening,B,19,B
77.4,33.56,3.869,3.57,morning,B,11,B
71.75,32.02,3.94,3.32,evening,C,9,A
80.28,33.45,3.317,2.87,night,C,10,B
66.55,35.63,3.761,1.58,night,B,19,B
69.13,25.56,1.481,3.65,evening,A,3,B
75.71,31.15,3.492,5.35,night,C,3,B
78.21,31.81,0.307,4.97,night,B,2,A
60.87,35.28,2.226,5.19,morning,B,12,C
90.52,30.52,2.82,2.44,morning,B,9,C
72.41,31.39,4.452,4.61,morning,B,6,B
91.09,30.39,2.373,4.74,evening,B,16,B
74.61,30.76,2.664,5.75,evening,B,8,B
79.54,31.57,2.49,5.86,morning,C,5,B
67.99,33.32,3.141,4.87,morning,A,17,A
70.76,39.76,2.44,3.69,night,B,18,C
57.56,29.15,0.244,2.68,morning,B,19,A
73.19,28.98,2.488,2.06,night,C,1,B
73.58,31.11,2.148,4.76,evening,D,14,A
68.8,25.59,1.093,4.48,night,D,8,B
69.7,30.39,3.539,5.57,morning,D,20,B
67.68,31.93,2.314,4.32,evening,C,5,A
79.55,29.98,3.185,7.04,evening,D,8,C
86.74,33.34,1.85,4.86,evening,D,11,C
74.53,26.29,3.515,5.19,evening,B,7,C
61.23,29.49,1.918,1.22,evening,B,6,B
79.46,28.01,1.65,3.81,night,D,6,C
64.82,30.68,1.05,4.04,night,C,3,B
71.27,28.35,4.735,5.79,evening,D,4,C
71.87,29.42,3.202,1.79,morning,A,13,A
76.09,35.54,2.345,5.96,morning,D,13,B
67.29,29.71,2.719,2.56,evening,B,10,A
73.53,32.89,1.812,5.73,night,D,10,B
78.5,32.65,0.806,3.26,night,A,9,A
71.54,34.01,5.035,4.68,morning,A,2,B
80.52,32.55,4.005,6.62,night,C,2,C
80.89,29.04,3.649,3.27,evening,B,1,B
68.56,29.04,2.479,2.52,morning,C,5,A
77.11,31.86,3.206,4.6,night,B,12,A
71.65,28.59,1.907,7.61,night,B,18,B
63.91,30.45,1.11,7.17,morning,C,16,A
79.53,21.65,1.195,4.58,night,C,2,C
61.91,34.16,2.154,2.54,morning,D,3,C
69.64,32.05,4.668,5.25,evening,B,10,A
75.94,31.83,3.773,4.11,night,A,3,A
72.03,30.86,1.856,3.37,night,A,13,A
69.24,28.93,1.767,4.77,evening,C,8,A
67.17,34.42,3.517,4.17,evening,A,17,B
74.76,29.31,3.712,5.45,evening,D,19,B
73.18,29.82,3.043,2.9,evening,D,16,A
76.75,35.03,2.342,4.52,evening,C,12,C
83.43,31.62,0.087,4.3,evening,C,12,A
81.34,29.16,1.65,4.61,night,B,15,B
72.11,29.15,2.509,6.82,night,C,7,A
87.31,25.65,2.024,3.24,morning,C,3,C
66.43,32.82,2.965,3.27,evening,B,15,A
73.43,31.36,2.295,4.7,morning,D,10,A
70.55,29.29,3.847,4.9,morning,A,16,B
65.64,29.06,0.74,5.96,morning,A,12,B
78.77,30.88,2.479,3.15,evening,C,5,B
72.5,31.53,1.197,2.22,night,C,4,A
72.86,31.02,1.321,5.9,morning,B,14,A
74.55,30.41,2.703,4.25,morning,D,5,A
77.93,35.06,2.912,5.88,evening,D,18,B
70.77,30.08,0.901,3.99,night,A,4,A
69.57,30.03,1.057,3.82,evening,C,16,A
83.91,28.72,2.457,3.77,night,C,11,B
68.89,26.72,2.494,4.54,morning,D,14,C
80.38,24.2,1.619,6.04,morning,D,2,C
71.04,29.68,1.696,4.64,morning,D,4,A
82.92,26.66,3.036,7.31,evening,B,5,C
61.49,31.78,0.823,4.39,morning,D,10,A
75.27,18.99,2.632,6.02,evening,C,2,C
68.02,30.33,3.786,3.17,night,C,12,A
67.3,32.18,2.35,5.79,night,A,14,A
77.68,24.64,2.226,3.62,morning,D,14,C
78.27,36.76,1.894,6.47,evening,A,4,C
75.58,31.1,2.498,2.27,evening,A,19,A
72.93,28.91,3.123,3.93,evening,B,9,A
78.26,32.22,5.014,2.44,night,A,14,B
80.03,23.44,1.579,5.16,morning,A,5,C
70.81,36.33,4.025,2.79,night,C,2,B
71.48,26.69,2.301,4.85,morning,B,4,A
61.51,29.72,0.845,6.19,night,C,7,B
64.56,26.43,2.12,5.66,morning,A,10,B
79.8,33.5,3.748,4.55,evening,A,4,B
70.67,24.33,3.473,5.25,morning,A,17,B
85.34,27.15,2.24,4.71,evening,A,2,C
74.0,32.08,3.428,4.99,morning,A,18,B
72.35,24.42,2.071,3.96,morning,D,1,C
81.8,30.66,1.851,4.4,morning,D,19,B
71.47,28.82,4.749,5.84,evening,A,10,B
86.92,30.54,2.897,7.4,morning,C,13,C
73.51,29.3,3.365,5.61,morning,D,14,B
76.7,25.99,2.994,3.5,evening,D,18,B
67.09,25.68,3.247,1.34,night,A,17,B
73.47,36.68,1.416,2.07,night,B,8,B
65.23,30.17,2.552,4.63,evening,B,15,A
82.86,27.45,4.985,4.34,evening,D,8,C
74.37,30.76,2.259,2.87,night,A,6,A
77.65,31.47,2.25,7.07,night,B,16,A
60.15,41.72,4.321,6.81,morning,A,4,C
78.05,32.28,3.368,4.92,night,C,19,A
75.41,29.99,1.048,4.99,evening,B,1,A
79.42,24.93,4.118,4.54,morning,C,6,C
67.98,36.62,2.934,6.65,morning,D,12,C
64.53,35.63,2.624,2.62,morning,B,12,B
81.34,37.85,2.173,5.44,evening,A,5,C
76.85,29.54,4.6,6.62,morning,D,1,C
75.7,34.51,2.084,4.56,night,C,17,B
76.09,31.5,1.843,4.2,morning,C,13,A
68.05,26.61,2.959,3.2,evening,B,1,B
80.84,34.3,3.649,5.69,night,A,7,C
55.66,33.63,4.95,4.03,night,B,3,C
65.44,34.74,3.115,2.89,night,B,16,B
66.19,35.84,2.125,4.84,morning,C,1,B
73.66,24.4,2.101,3.75,night,D,6,B
73.43,34.23,1.11,3.51,night,B,15,A
68.16,29.36,1.636,7.57,night,A,2,C
69.12,33.39,1.026,5.83,morning,A,16,A
72.86,26.43,3.314,0.75,morning,B,19,A
80.45,35.15,2.611,4.61,morning,B,1,B
62.5,30.23,2.655,6.35,morning,B,10,B
70.09,33.47,2.457,5.35,night,A,6,A
71.43,28.24,1.746,5.48,evening,A,9,A
82.29,34.06,0.685,4.49,evening,D,9,B
70.85,34.87,2.495,5.15,night,A,7,B
77.59,25.3,2.912,3.08,night,B,12,C
68.62,28.68,1.437,4.53,evening,B,8,A
71.02,31.85,3.099,3.13,evening,A,19,A
69.02,30.31,1.977,5.15,evening,D,4,A
65.67,28.8,2.227,3.34,night,A,17,B
69.65,31.39,1.742,3.42,night,C,18,A
70.15,33.38,2.872,4.21,evening,C,17,A
62.41,25.57,2.398,5.07,morning,B,7,C
73.21,29.28,2.785,5.63,morning,B,17,A
65.31,28.91,3.187,5.15,morning,B,18,B
71.69,27.69,2.787,6.28,night,B,3,B
76.8,29.55,1.081,4.58,night,D,8,B
56.23,32.88,1.418,6.76,night,D,1,C
65.14,32.45,2.967,6.56,evening,D,8,B
66.47,28.95,2.385,5.69,morning,B,1,B
77.72,32.46,3.882,5.31,evening,B,3,B
77.49,26.52,4.063,4.23,evening,D,1,C
77.88,30.22,1.766,3.81,evening,C,11,A
86.86,30.21,2.478,2.37,morning,C,17,A
92.26,29.92,1.968,5.4,morning,A,8,C
71.89,24.39,1.576,3.93,night,C,20,A
58.94,36.44,3.783,3.07,night,D,20,C
56.49,31.55,3.336,6.2,night,A,7,C
62.67,19.58,1.873,3.29,evening,B,6,C
67.45,33.07,4.452,2.02,night,A,9,B
74.56,27.34,0.887,4.01,evening,B,5,A
71.84,29.62,1.537,2.35,morning,B,15,A
80.81,22.02,2.434,3.35,evening,B,10,C
69.06,28.46,1.597,4.89,morning,D,5,B
77.58,34.11,3.253,4.03,evening,D,17,B
69.47,29.45,2.047,3.47,night,D,9,B
64.17,31.85,3.105,3.64,night,D,2,B
84.11,33.98,1.141,6.09,night,D,17,B
69.19,33.95,3.433,4.28,evening,A,3,B
59.9,34.84,2.059,6.25,morning,A,12,C
75.81,27.82,0.181,3.44,morning,C,8,A
72.71,38.76,2.09,3.75,evening,B,5,B
71.43,30.39,3.969,2.98,morning,A,8,A
64.52,32.68,1.145,6.1,night,C,7,B
85.24,27.66,2.519,3.2,morning,D,6,C
69.23,27.27,3.763,5.94,night,D,5,C
67.77,25.01,0.903,4.32,evening,C,17,A
79.62,35.05,4.248,6.82,morning,C,8,C
62.11,29.97,2.583,4.85,morning,C,11,B
72.36,33.54,3.467,4.72,morning,B,2,A
66.7,29.01,2.028,3.59,evening,B,6,A
69.73,29.85,1.672,2.8,night,C,2,A
84.87,35.2,4.396,4.85,night,A,18,C
70.77,32.66,2.451,2.95,evening,B,20,A
77.15,40.14,3.249,6.1,evening,C,16,C
79.95,23.68,4.757,3.25,morning,B,7,C
76.71,32.2,3.106,4.83,night,B,1,B
67.18,31.61,0.555,6.21,morning,D,10,A
78.35,33.29,1.514,4.95,morning,B,12,A
83.13,33.94,0.874,8.24,night,C,1,C
80.57,30.32,2.205,4.22,night,A,17,A
62.75,36.86,2.322,3.13,morning,C,18,B
75.63,27.69,1.009,6.73,morning,B,9,A
67.52,32.36,2.914,6.44,evening,D,4,B
70.62,33.39,1.466,5.43,night,A,7,A
75.34,32.31,0.326,4.21,morning,C,11,A
82.51,30.4,2.413,2.98,night,B,20,A
76.44,28.27,3.217,4.04,morning,B,8,B
58.68,30.42,3.008,1.49,night,C,10,C
68.44,31.5,3.1,3.07,evening,A,15,A
62.91,29.13,1.515,1.09,morning,B,9,A
70.73,26.26,3.751,3.93,evening,C,5,B
71.04,32.51,3.793,2.14,morning,D,18,A
72.64,27.15,1.046,2.96,evening,B,10,A
74.7,35.16,1.356,5.3,evening,A,5,B
74.46,31.59,1.986,5.49,morning,D,5,A
87.33,28.57,2.838,5.4,night,A,5,C
83.46,37.02,0.983,1.88,night,D,2,C
69.62,42.76,0.484,2.13,evening,D,6,C
72.1,35.26,2.871,5.7,morning,B,20,A
68.88,26.62,3.06,4.99,evening,D,4,B
54.91,34.34,2.673,6.07,evening,B,10,C
78.99,34.85,2.542,4.92,evening,B,3,B
68.44,24.0,3.596,7.46,morning,A,15,C
89.91,35.24,2.881,5.99,evening,A,13,C
71.93,29.32,1.311,3.8,evening,A,19,A
63.58,31.14,2.593,4.87,evening,C,3,B
62.02,26.52,1.799,3.41,evening,D,19,B
84.33,32.45,1.975,1.04,evening,B,20,A
67.4,31.82,3.412,5.28,morning,D,12,C
79.73,36.19,3.089,6.94,morning,B,8,C
80.01,39.58,2.177,3.86,morning,C,19,C
71.53,24.83,3.481,2.79,evening,C,5,B
78.08,32.93,0.286,3.61,evening,A,20,A
64.83,35.13,3.615,6.14,morning,A,10,B
72.12,25.69,2.198,5.46,morning,A,13,A
87.79,29.5,1.474,2.34,night,A,9,C
65.29,31.86,2.04,4.15,evening,B,5,A
75.45,28.38,3.31,6.52,night,D,9,C
63.98,39.09,2.571,4.65,night,D,11,C
75.23,33.59,0.316,3.85,morning,C,12,A
64.3,30.25,1.078,4.96,morning,D,5,B
70.1,30.61,1.095,3.83,night,A,7,A
79.53,34.46,4.216,4.45,evening,A,18,B
73.77,29.43,1.649,5.04,evening,A,16,A
65.88,27.73,1.166,8.45,morning,A,20,A
72.79,35.3,2.696,3.67,night,A,11,A
74.21,36.1,2.733,2.26,evening,B,15,A
60.89,35.11,2.92,6.93,morning,A,12,C
86.2,31.15,1.997,4.12,night,D,10,B
78.46,29.67,3.953,1.59,night,B,1,B
64.41,32.79,4.404,3.38,evening,C,7,B
74.58,31.04,3.297,3.96,morning,B,13,A
74.63,31.98,3.251,5.33,morning,B,18,A
60.98,32.9,1.669,1.98,morning,D,7,C
76.39,30.07,3.368,6.09,evening,B,9,B
70.11,30.15,2.167,5.27,morning,A,2,A
76.09,34.98,1.257,4.63,morning,C,10,A
68.82,28.6,2.307,1.72,morning,C,1,A
65.15,31.39,1.865,2.62,night,A,18,A
74.82,35.38,1.109,4.65,night,C,8,B
66.69,34.33,2.346,4.87,night,D,17,C
74.9,31.29,1.715,7.22,night,B,2,A
73.09,32.28,3.148,4.02,evening,A,10,A
76.88,35.3,3.246,4.69,morning,A,8,B
65.11,25.68,2.677,3.79,evening,D,12,C
73.54,37.55,4.716,3.39,night,B,5,C
73.9,29.7,2.882,4.5,evening,A,14,A
63.0,27.88,0.983,5.82,night,B,18,B
77.43,31.05,1.663,2.78,morning,B,12,A
61.18,27.26,1.033,6.22,morning,D,12,C
73.93,38.73,1.396,5.17,morning,C,2,B
72.51,26.03,4.266,3.67,evening,C,8,B
75.47,38.52,1.936,5.37,evening,C,15,C
64.6,28.81,1.612,2.39,night,D,8,B
72.06,37.01,2.97,1.57,night,A,2,B
73.1,26.12,2.628,5.16,morning,C,13,B
73.8,30.75,1.589,2.76,night,D,7,A
71.61,27.0,0.506,4.84,evening,D,8,B
70.84,30.35,1.973,1.3,morning,A,10,A
61.86,28.56,1.601,5.3,evening,B,11,A
71.98,29.25,2.888,3.92,evening,B,4,A
62.08,33.29,0.714,4.8,morning,D,4,C
82.13,28.48,1.088,3.03,evening,A,11,A
66.93,39.83,2.738,3.14,night,C,15,C
79.18,36.6,2.113,2.85,morning,A,14,B
73.43,35.13,0.393,6.34,night,B,13,A
70.3,38.34,1.451,3.13,morning,D,12,B
70.27,34.65,2.052,6.13,evening,D,10,B
67.2,32.61,3.831,5.87,morning,A,20,A
61.67,31.6,3.408,3.82,evening,D,10,B
77.59,34.61,1.021,6.71,evening,B,8,B
70.6,34.66,2.58,4.35,night,B,8,B
76.89,25.27,2.023,5.26,morning,A,10,B
58.12,27.43,4.927,5.33,morning,C,3,C
73.57,26.29,3.258,5.23,evening,C,19,B
70.65,31.55,3.197,3.93,morning,C,19,A
78.25,26.57,2.233,4.63,morning,A,6,B
77.99,34.23,4.238,3.65,morning,A,18,B
74.07,30.8,2.318,5.12,night,D,9,B
67.49,29.46,2.68,1.97,night,B,4,A
83.02,20.83,3.136,2.62,night,D,9,C
66.98,29.66,1.41,6.48,evening,C,3,A
77.87,36.17,0.294,3.77,morning,A,9,B
73.9,38.27,0.429,4.88,night,A,2,B
78.7,33.94,2.154,4.04,morning,B,1,B
88.48,22.62,3.891,4.28,morning,B,7,C
78.38,42.6,4.287,5.51,morning,A,16,C
68.63,31.42,3.893,5.59,morning,A,3,B
64.03,23.76,2.872,4.68,evening,B,5,C
67.69,28.74,2.514,3.45,evening,D,5,B
71.81,27.02,2.235,3.29,morning,C,18,A
72.43,33.18,3.059,7.79,evening,B,13,A
73.96,38.12,2.315,4.14,evening,D,17,B
59.52,28.81,1.406,7.02,morning,D,5,C
72.43,37.4,3.096,6.9,evening,A,6,B
71.93,32.01,1.422,5.24,night,C,14,A
49.88,32.26,3.485,6.25,evening,D,17,C
63.48,27.97,2.091,4.85,morning,B,13,B
63.48,26.31,2.004,3.28,morning,C,14,B
68.82,28.92,4.511,2.66,morning,A,18,A
72.62,37.89,2.939,5.4,morning,D,19,B
70.65,28.95,3.972,1.95,morning,C,11,A
86.73,36.07,1.619,4.89,morning,B,15,C
75.12,30.31,2.513,2.13,morning,B,10,A
73.97,35.88,0.631,4.58,evening,C,12,A
75.39,40.74,2.412,4.2,evening,D,15,C
75.02,30.28,1.979,4.35,evening,D,4,A
76.34,26.84,3.395,6.39,morning,A,20,B
57.36,29.59,2.498,3.63,morning,B,20,A
80.41,38.71,1.581,4.27,evening,B,11,C
60.22,28.95,1.827,5.09,evening,B,8,B
73.01,26.27,2.977,3.22,evening,A,9,B
73.57,31.63,3.085,4.5,morning,C,11,A
77.4,34.48,2.353,7.73,evening,D,16,B
75.82,32.09,2.595,5.8,evening,C,19,A
66.48,33.85,2.38,4.46,evening,A,4,B
70.69,33.73,3.292,2.89,night,A,5,B
86.44,30.43,0.553,4.85,morning,D,14,C
69.65,31.83,2.911,6.1,evening,A,3,A
81.4,32.68,0.102,6.36,morning,C,15,A
73.21,30.29,2.619,1.82,night,D,3,B
79.15,32.34,2.609,3.56,morning,D,2,B
71.67,36.21,3.448,4.32,morning,B,17,A
76.08,29.12,2.934,5.01,morning,D,9,B
72.07,32.44,2.158,4.58,night,A,12,A
77.65,28.61,3.165,6.76,night,C,5,B
69.23,25.46,2.358,4.05,morning,D,10,B
78.17,32.1,0.954,5.56,evening,C,11,A
69.53,35.6,2.289,5.38,night,D,11,B
73.02,36.06,1.925,7.01,night,B,6,B
66.34,29.61,3.367,6.27,night,B,17,B
71.47,32.59,1.948,6.56,night,B,11,A
58.29,35.14,1.376,2.65,morning,A,3,B
68.09,31.72,1.561,4.85,morning,B,2,A
72.5,31.61,0.628,5.39,night,C,4,A
68.96,26.8,1.266,4.35,evening,D,3,B
75.99,36.35,1.422,5.54,evening,A,1,B
69.24,34.93,3.496,3.71,night,D,17,C
67.25,34.96,4.006,5.94,night,A,11,C
76.84,30.74,2.421,5.04,evening,B,16,A
79.57,26.88,2.399,3.48,night,D,18,C
71.81,38.88,2.841,3.06,evening,A,11,C
79.8,35.6,2.817,5.03,morning,C,1,C
80.01,31.79,2.642,4.87,morning,B,15,A
78.08,37.76,1.96,6.1,night,A,20,C
69.57,33.55,1.708,6.41,night,D,2,B
77.05,35.06,2.74,3.83,morning,B,16,B
80.01,38.87,2.825,4.71,evening,C,20,C
69.52,35.79,4.108,3.65,evening,D,13,B
70.16,29.95,3.661,4.24,evening,D,11,B
57.2,28.18,2.705,4.59,morning,D,16,C
67.04,27.24,1.304,5.05,morning,C,13,B
67.66,28.39,1.431,1.95,evening,A,18,A
76.9,31.29,0.53,5.67,evening,C,10,A
78.64,33.22,2.114,3.85,morning,D,7,B
76.86,30.07,3.045,4.47,night,A,2,B
70.24,32.26,2.533,4.92,evening,D,2,B
78.61,32.09,0.497,5.97,evening,D,5,B
75.99,33.48,2.887,7.73,night,A,17,B
68.03,34.13,2.849,3.85,evening,A,7,A
63.02,29.34,2.415,2.19,evening,B,2,A
81.6,26.28,1.157,6.71,night,A,13,C
57.33,33.18,4.003,3.95,night,D,20,C
75.8,29.19,1.588,5.61,night,C,20,A
76.58,26.94,2.497,4.06,morning,A,19,A
67.49,22.76,4.685,5.24,morning,D,10,C
76.48,26.16,3.717,3.37,evening,B,13,B
83.94,32.31,3.622,6.15,night,D,17,C
77.91,36.27,1.177,4.3,night,C,11,B
64.62,31.5,1.813,5.13,evening,B,20,A
71.82,33.01,3.757,3.11,evening,B,18,A
68.44,33.87,2.958,5.24,morning,D,8,B
81.77,29.59,1.852,3.76,morning,D,19,B
73.81,33.97,2.907,4.42,morning,A,18,A
81.73,30.87,2.094,5.17,night,D,7,B
82.3,27.32,2.278,2.64,morning,D,2,C
59.33,33.54,4.691,3.36,night,C,11,C
80.49,30.33,4.361,4.77,morning,C,19,B
58.0,27.62,3.279,4.67,evening,D,12,C
70.86,23.11,1.835,6.22,morning,B,2,C
66.19,28.95,3.225,4.12,night,B,14,C
71.21,26.8,2.01,4.6,night,D,5,C
71.68,28.76,2.289,3.78,morning,A,10,A
66.9,34.25,1.908,1.25,morning,B,17,A
78.71,29.4,3.463,4.3,night,C,15,B
61.97,33.77,0.882,5.74,night,A,1,B
50.99,36.76,2.47,3.33,evening,C,10,C
71.39,28.6,4.169,6.09,evening,A,10,B
61.32,33.96,3.91,6.95,evening,D,1,C
77.97,42.76,2.071,0.83,night,D,17,C
86.88,29.6,2.217,3.62,night,B,14,B
81.95,34.4,2.641,4.48,morning,B,17,B
67.85,36.74,2.303,4.28,morning,A,17,A
73.21,27.13,2.642,0.2,evening,D,10,A
68.35,36.89,1.024,4.65,evening,D,2,C
84.94,31.47,3.069,4.91,evening,D,8,C
77.16,27.36,3.317,4.08,morning,C,20,A
68.66,30.28,4.29,5.24,night,A,1,C
77.26,32.47,0.565,6.11,morning,D,17,A
66.95,29.22,2.618,5.3,morning,A,4,A
67.79,30.36,2.485,4.38,evening,B,15,A
78.09,29.83,1.778,5.59,morning,B,4,A
66.64,32.82,1.938,4.7,evening,A,18,B
78.6,35.05,5.261,6.36,night,B,10,C
71.57,36.95,3.512,3.38,night,B,1,B
81.61,30.13,0.173,2.29,evening,A,9,A
73.55,30.35,3.448,8.34,morning,C,14,B
61.97,21.47,3.07,4.23,evening,C,2,C
61.45,34.06,3.123,3.51,night,A,8,C
73.1,27.54,3.2,3.53,night,D,5,B
91.37,33.35,0.179,2.44,night,C,19,B
66.11,26.91,1.965,5.64,evening,D,16,A
84.5,33.63,2.357,2.7,evening,A,18,B
76.25,31.12,2.475,2.94,evening,B,4,A
80.01,34.22,2.49,6.29,evening,D,14,C
65.6,32.98,1.155,4.44,night,C,4,A
57.09,31.93,2.42,6.68,night,C,6,C
79.07,25.22,3.08,6.43,morning,A,11,C
78.28,30.44,3.532,5.21,night,D,8,C
71.5,35.32,3.072,4.99,evening,D,19,B
64.7,26.43,2.698,3.26,morning,A,2,B
62.18,30.41,2.387,7.19,morning,C,3,C
66.96,32.28,1.385,5.02,evening,C,20,A
72.77,31.72,1.04,2.55,morning,A,18,A
58.6,27.99,2.598,6.69,morning,B,10,C
74.17,25.69,4.558,4.7,evening,A,14,B
84.14,32.38,2.279,4.71,night,C,18,C
73.79,29.19,1.661,6.32,evening,D,12,B
58.12,27.6,2.758,3.57,night,B,9,C
65.27,35.32,2.615,3.66,evening,B,5,B
62.65,31.55,3.747,6.43,night,D,20,C
77.35,33.43,3.924,4.09,evening,A,8,B
56.58,32.03,1.332,0.74,morning,C,6,B
65.58,33.83,4.77,4.49,morning,C,18,B
68.9,26.52,2.46,4.92,night,D,20,B
76.13,40.33,2.625,3.09,evening,A,10,C
65.87,28.25,2.926,5.96,night,B,2,C
81.67,33.61,1.356,3.81,morning,B,2,B
73.29,33.03,2.852,3.84,evening,B,6,A
78.81,28.26,2.604,4.27,morning,D,1,B
69.58,26.37,1.546,4.79,evening,C,16,A
69.83,31.99,2.258,7.39,night,B,17,A
75.75,30.82,0.989,5.8,morning,A,12,A
68.94,31.16,1.942,3.06,evening,C,3,A
67.36,43.7,0.662,2.6,evening,D,4,C
56.73,33.28,2.68,4.16,morning,B,10,B
63.57,27.01,1.75,4.6,morning,B,6,B
81.12,24.98,2.62,4.98,night,C,16,C
