region,sales_channel,units_sold,unit_price,discount_pct,marketing_spend,holiday_period,customer_rating,revenue
North,marketplace,438,220.23,0,1285.09,no,3.6,107111.71
East,store,398,35.48,0,384.93,no,3.2,16791.42
South,web,105,74.73,10,3185.61,no,3.2,18493.58
North,web,127,93.53,0,618.51,no,3.8,17538.01
South,web,401,86.08,5,115.93,no,4.8,39318.15
South,store,199,162.67,15,1508.72,yes,3.1,36967.55
North,web,276,154.78,20,807.96,no,3.5,37351.85
West,web,359,239.21,5,489.26,no,3.6,97629.03
East,store,355,233.14,10,2335.25,no,3.1,85588.53
East,web,336,128.17,0,272.09,no,4.4,50077.64
North,store,392,171.01,10,2275.02,no,3.0,71243.78
North,store,196,49.31,30,2139.73,no,4.1,15164.53
South,store,9,209.71,10,1739.57,no,4.2,6024.4
East,marketplace,158,41.27,0,1043.2,no,4.0,13030.55
North,marketplace,184,173.42,15,5174.89,no,4.5,45384.46
West,store,105,179.75,5,2542.58,no,3.6,22745.72
North,store,107,124.0,30,2034.63,no,4.2,16733.81
North,store,99,51.95,30,1548.65,no,4.7,5564.33
West,store,311,137.05,10,2299.62,no,4.1,50289.98
South,store,232,217.44,20,1023.1,no,4.1,43478.17
North,store,237,148.74,15,1340.63,no,3.9,39074.96
North,marketplace,413,151.91,30,3218.69,no,4.8,54428.39
North,web,210,206.61,5,2640.7,no,4.2,53976.3
North,store,176,180.55,5,2164.76,no,4.3,42313.74
East,store,166,48.39,5,1595.33,no,4.0,9264.56
West,store,48,92.22,10,3523.77,no,3.9,14412.56
West,store,192,201.83,10,1784.61,no,3.3,41824.27
South,web,60,128.13,15,3190.74,no,4.5,10136.7
North,web,343,214.78,5,429.69,no,3.3,78847.65
East,web,320,12.44,30,2996.64,no,4.4,11811.02
East,store,256,186.02,5,1135.85,no,5.0,49440.28
South,web,242,217.04,10,1037.94,no,4.3,57840.82
East,store,278,95.51,5,3748.28,no,4.1,33011.83
South,store,223,39.67,0,1261.51,no,3.5,12570.19
North,web,223,222.09,10,287.23,no,4.0,50596.47
East,store,298,23.76,30,2572.32,yes,3.8,18077.23
North,store,186,120.22,10,2134.21,no,3.7,26789.77
East,web,209,234.25,30,2699.26,no,4.5,43989.05
South,marketplace,227,37.26,0,2349.65,no,4.0,11415.95
East,store,117,125.55,0,2895.85,no,4.1,20985.29
West,web,107,64.48,30,1547.95,yes,4.4,17053.5
West,marketplace,387,212.54,5,883.48,no,4.1,85296.66
East,marketplace,347,163.94,15,1912.33,no,5.0,47274.1
West,store,43,90.63,0,679.47,no,4.2,8744.87
North,store,211,87.36,15,3199.09,no,4.3,24301.9
South,web,374,141.25,15,738.28,no,3.7,47276.47
East,web,58,132.34,20,2435.06,no,4.3,15441.8
South,store,75,140.29,20,262.63,yes,5.0,14019.04
South,web,18,83.38,0,2445.13,yes,4.6,13703.46
South,store,358,34.55,20,1047.13,yes,5.0,19815.22
North,store,281,239.27,10,989.16,yes,3.7,79013.89
North,marketplace,369,176.82,20,1571.18,no,3.8,58191.22
South,web,217,154.72,5,1987.37,no,4.2,41974.46
North,web,181,207.66,10,1137.99,no,5.0,47356.68
West,web,152,228.8,5,994.69,yes,2.7,48097.33
South,store,93,31.01,0,1443.31,no,3.7,9636.72
West,store,17,133.69,30,792.76,no,4.8,8475.52
East,store,128,125.24,30,2701.48,no,4.9,16731.71
West,web,125,112.95,0,917.84,no,4.3,19458.43
West,marketplace,21,61.01,30,436.71,no,4.3,5826.75
West,web,341,93.46,10,984.0,no,4.8,39312.21
East,store,201,73.11,0,2295.02,no,4.1,20503.9
West,web,362,165.18,20,1399.68,no,3.3,57770.9
North,web,112,32.75,20,792.79,no,4.2,6984.83
South,web,187,86.25,15,821.55,no,2.9,15972.52
North,store,253,184.95,0,2928.83,no,4.5,59791.44
North,store,356,211.97,5,1391.83,no,3.8,78464.42
West,web,440,217.68,20,738.61,yes,3.6,102671.22
East,store,18,146.95,0,503.74,no,3.7,4094.6
South,marketplace,389,71.73,20,1275.52,no,3.8,25008.95
West,marketplace,330,126.29,15,2332.76,yes,3.2,49043.85
East,marketplace,373,70.48,0,1506.29,no,5.0,33803.94
North,web,141,195.08,30,1274.27,no,3.9,25123.03
North,marketplace,315,13.71,10,2542.79,no,3.4,7592.42
East,marketplace,22,34.99,10,2875.02,no,3.2,5775.89
South,marketplace,126,161.02,10,2281.11,no,4.4,22613.64
North,web,72,207.74,0,2528.86,no,4.0,25712.97
West,store,76,157.21,15,848.71,no,3.5,13746.39
West,web,446,137.3,10,911.75,no,4.4,69650.88
West,store,430,114.2,20,1066.18,no,4.3,46618.3
East,store,391,116.85,15,1577.82,no,3.8,43512.35
North,web,235,11.77,10,1137.76,no,4.1,9363.15
South,web,211,112.31,10,1379.62,no,4.6,27019.24
West,store,180,230.62,15,762.98,no,4.0,45223.46
South,web,358,15.28,30,841.97,no,3.7,4392.69
East,store,425,13.08,15,2310.62,yes,4.0,18900.23
West,web,170,64.36,5,3434.68,no,3.5,22888.59
East,web,182,60.63,10,342.97,no,4.3,12354.48
South,marketplace,404,8.81,0,1675.72,yes,4.3,14311.63
East,web,81,223.58,10,2182.21,no,5.0,22652.44
North,store,305,143.82,15,2024.11,no,4.0,43136.08
South,web,95,76.73,0,259.61,no,3.2,9862.63
North,web,67,24.25,20,2146.58,yes,4.1,9724.53
West,store,316,132.52,0,1251.99,yes,3.9,56837.57
North,web,61,88.62,0,1831.22,no,4.1,14386.46
East,marketplace,32,39.47,5,3234.03,no,4.5,5245.2
North,web,280,30.62,5,1050.5,no,3.7,10479.66
West,store,98,167.84,0,1477.91,no,4.9,26510.44
West,store,77,187.27,5,1150.23,no,4.8,20775.96
West,web,105,67.42,5,1191.3,no,4.5,13597.51
East,marketplace,98,162.49,30,4405.41,yes,3.0,22573.78
West,web,132,91.9,0,3195.9,no,3.3,19832.78
West,store,212,174.54,5,1203.81,yes,4.0,49458.94
North,web,37,193.05,20,3252.72,no,4.3,13009.41
East,store,261,131.86,5,930.01,yes,2.8,46494.67
North,web,78,116.58,15,3461.32,no,3.6,16552.51
West,store,185,102.99,10,1689.49,no,3.7,29060.25
South,store,69,24.69,5,385.46,no,4.4,4047.76
North,store,107,145.28,0,929.4,no,4.8,19705.5
South,store,195,171.55,30,1111.17,no,3.7,26665.07
South,web,38,206.6,15,2239.84,yes,4.5,15681.72
East,store,304,176.88,30,530.23,no,4.8,43200.03
East,web,212,237.03,10,1109.29,no,4.1,51336.84
South,store,233,209.98,15,1573.28,yes,3.8,50931.61
East,store,68,56.5,20,441.01,no,3.9,9463.03
North,web,248,204.97,15,3048.1,no,4.4,59382.39
West,store,36,106.32,0,1543.64,no,4.1,13259.49
South,store,409,98.08,15,402.14,no,3.1,38099.27
South,web,421,119.89,0,802.59,no,3.8,55328.94
South,store,285,78.05,5,1778.49,no,4.1,25365.65
South,web,39,233.56,15,1947.16,yes,4.1,14177.98
North,store,336,48.75,5,1909.93,no,4.3,24100.21
North,web,142,41.79,20,2059.22,yes,4.3,13532.36
North,marketplace,40,15.32,0,2392.29,no,3.6,3997.56
South,marketplace,72,18.52,15,1647.05,no,4.5,7644.53
North,store,116,33.67,5,333.33,no,3.6,8865.39
North,web,63,48.16,20,471.61,yes,4.0,9130.43
South,store,194,161.41,30,4175.83,no,3.2,26301.03
East,web,253,16.97,10,1083.2,no,4.3,10660.71
West,web,162,135.61,5,584.03,yes,3.8,30093.03
East,marketplace,319,144.69,15,152.31,yes,3.9,44865.63
South,store,366,210.71,30,1092.33,no,5.0,52468.7
East,web,134,212.91,10,1457.16,yes,3.9,39937.62
West,marketplace,372,173.18,20,1244.36,no,3.1,63536.02
North,store,175,169.41,20,292.46,no,3.5,25809.51
West,store,100,114.51,30,464.36,yes,4.6,16884.22
West,store,417,32.04,5,835.22,no,4.3,20948.86
South,web,34,239.77,0,2187.27,no,4.4,14229.69
South,store,22,142.75,15,1303.46,no,3.8,7108.09
East,store,238,10.23,5,2504.11,yes,4.4,17091.8
North,store,371,210.35,30,1877.58,no,4.4,65852.97
West,store,244,31.25,20,1618.05,no,4.5,15215.32
West,store,390,56.58,5,1823.13,yes,3.7,35629.02
West,marketplace,204,176.78,20,3750.6,no,4.3,37769.57
East,store,47,218.87,10,866.72,no,4.4,13693.42
South,marketplace,336,11.96,0,1374.28,no,4.3,8113.16
South,store,37,48.73,10,2569.23,no,4.2,7351.25
South,store,202,106.87,20,3060.91,no,5.0,22309.9
North,web,184,132.28,10,1084.08,no,4.0,29481.09
East,store,159,228.23,15,1189.84,no,3.7,36470.7
East,store,68,170.73,0,572.02,no,3.3,11282.86
South,web,306,202.93,15,1791.91,no,3.7,56295.41
North,web,413,105.1,10,1506.98,no,4.7,50511.52
West,store,119,27.28,15,3604.24,no,4.2,13642.78
East,marketplace,273,86.78,10,237.04,no,3.7,21154.35
North,marketplace,53,87.33,5,1260.72,no,4.4,6681.03
East,web,95,12.29,5,6095.73,no,3.6,8252.94
West,store,138,70.29,20,620.93,no,4.2,8609.06
West,web,434,90.41,30,514.6,no,3.6,40213.45
West,marketplace,327,91.01,15,1028.34,no,4.0,32661.01
South,web,369,118.47,10,1504.44,no,3.3,46539.36
West,store,223,97.47,15,3478.74,no,4.5,28467.83
North,store,294,28.09,5,6268.1,no,4.5,20655.0
East,store,383,191.01,5,1145.73,no,4.4,76197.31
West,marketplace,193,32.9,30,812.02,no,3.2,8440.86
West,web,130,59.93,0,496.52,no,4.9,14968.63
South,web,170,48.89,15,2076.19,no,4.2,12729.57
South,store,143,175.27,15,2769.74,no,4.4,29519.63
East,store,78,23.09,0,1495.1,no,4.4,2084.91
West,web,263,150.56,5,676.39,no,3.9,48708.36
South,web,66,15.96,30,410.79,no,3.2,2758.18
South,store,411,133.82,15,545.6,no,4.2,47069.27
South,store,203,48.42,5,456.88,no,4.0,16284.8
South,marketplace,250,57.82,15,1731.64,yes,5.0,22475.6
South,store,395,38.75,10,1308.64,no,3.9,15224.8
West,web,359,216.19,15,2925.02,yes,4.1,92597.46
West,web,112,214.86,10,1077.41,no,4.9,31877.85
West,web,86,213.1,30,3570.5,no,3.2,25065.92
North,marketplace,110,221.23,0,463.97,no,4.6,31234.88
East,web,427,134.81,5,551.37,no,3.8,61134.69
West,store,124,82.18,20,2844.71,no,3.1,16579.05
West,store,235,144.14,5,2901.67,no,3.0,43463.49
East,store,83,88.39,15,3033.34,no,3.6,14365.52
West,web,384,87.04,10,456.35,yes,4.4,44674.82
East,store,136,186.72,0,2846.95,no,2.9,27510.15
South,web,283,185.9,10,437.9,no,3.2,52761.38
East,web,255,181.21,20,2064.31,no,3.5,44766.46
South,web,373,104.45,15,1330.6,no,4.3,38665.41
South,web,209,236.57,20,3067.16,no,3.6,48716.44
East,web,179,42.42,30,2347.45,yes,4.1,18051.86
West,marketplace,278,23.13,30,492.15,no,3.4,6787.36
North,web,378,49.46,0,1590.04,no,3.4,30323.7
North,web,145,122.84,30,488.13,yes,4.8,23637.06
South,web,190,151.57,20,647.09,no,3.9,25270.85
South,store,447,19.21,5,784.31,no,5.0,16098.05
West,store,305,147.19,0,621.67,no,4.0,57981.0
North,marketplace,288,91.07,20,1665.78,no,3.7,24670.56
West,store,40,116.43,20,2083.97,no,3.8,13115.14
South,marketplace,175,216.5,30,1343.91,no,3.1,25341.64
South,marketplace,359,207.88,0,403.26,yes,4.7,78536.66
West,web,112,48.41,20,2021.56,no,3.6,6564.37
North,web,418,214.01,20,460.33,no,4.4,82885.09
South,store,411,213.38,30,2194.93,no,3.7,67571.47
North,web,411,93.74,20,3175.54,no,4.6,41630.34
North,store,283,57.28,30,1229.31,no,4.7,15375.35
East,store,167,52.65,15,880.03,no,3.8,15420.78
South,marketplace,263,202.23,5,550.22,no,4.6,49843.04
North,store,97,179.02,10,2651.87,no,3.7,23189.01
West,store,191,91.61,0,909.2,no,3.5,19877.07
West,marketplace,373,185.64,20,1684.36,no,3.6,62811.0
North,web,347,127.02,0,1965.42,yes,4.6,61243.48
South,store,414,25.2,5,1757.02,yes,3.9,15358.26
South,store,327,198.53,5,784.6,no,3.9,63480.01
West,web,359,124.03,0,1572.58,no,3.9,55349.21
East,store,429,214.72,30,742.52,yes,5.0,73803.77
West,web,320,160.65,10,742.06,no,4.2,61359.2
West,web,89,46.27,0,1802.89,no,3.8,9536.09
South,web,289,112.55,5,2032.92,no,3.9,35559.03
North,marketplace,425,31.51,15,438.49,no,4.1,17127.0
North,store,203,168.16,0,1028.24,no,3.6,40728.9
East,web,325,161.45,30,1358.42,no,4.4,43250.1
North,store,422,36.23,5,1884.47,no,4.2,24962.86
East,store,153,78.0,10,1305.36,no,4.7,15179.03
East,store,132,57.09,15,1957.37,yes,3.6,15974.75
East,web,174,49.35,20,592.07,yes,2.7,14687.8
North,store,121,176.21,15,1016.12,no,4.1,23712.5
North,store,337,197.23,20,84.87,yes,4.3,67271.99
North,marketplace,61,163.24,30,1721.52,no,3.8,10594.88
North,web,290,34.3,20,1054.87,no,3.7,11084.24
East,web,399,238.49,30,1876.86,no,4.1,76703.53
South,web,50,201.7,5,1184.32,no,3.2,17579.75
South,web,201,205.84,30,584.55,yes,4.1,38570.52
North,web,163,8.77,30,1228.65,no,4.5,5848.57
South,web,154,121.98,0,3448.66,yes,4.0,31879.16
West,marketplace,448,215.9,20,602.66,no,4.3,87784.82
East,store,186,56.69,30,820.45,no,4.0,10517.68
West,marketplace,442,168.79,5,965.57,no,4.4,85718.48
West,store,113,210.92,0,408.99,no,4.5,30114.01
North,store,50,76.65,15,3793.65,no,4.3,15806.95
South,marketplace,439,77.42,0,233.8,no,3.8,35613.66
South,marketplace,242,177.39,15,2058.25,no,4.5,41175.41
East,store,144,149.47,30,396.77,no,4.2,20995.17
South,store,175,49.12,5,2155.34,no,4.3,16409.94
North,marketplace,248,48.99,15,346.95,no,4.1,14885.41
South,store,342,18.83,5,1063.23,no,3.9,7216.58
East,marketplace,217,133.01,10,1186.41,no,4.3,30591.22
North,marketplace,351,176.51,15,929.96,no,4.0,59558.43
West,store,388,44.31,30,712.59,no,3.6,17402.29
West,store,248,167.09,15,2279.36,no,3.8,47220.57
East,store,235,47.65,20,1439.25,no,3.7,10679.32
East,web,245,215.3,30,1510.49,no,4.3,43021.65
East,store,379,44.57,30,818.0,yes,4.5,21861.58
South,web,323,54.1,10,4093.81,no,3.7,24358.11
South,web,279,205.8,20,292.04,no,3.7,47023.54
East,web,93,169.08,10,2030.64,yes,4.3,22706.72
East,store,424,126.75,15,1502.77,no,4.1,51112.46
South,marketplace,296,236.99,5,800.5,no,3.3,66671.4
South,web,151,233.02,30,1272.39,yes,3.8,37609.81
North,web,235,96.23,5,1572.78,no,4.1,31980.02
North,store,244,160.67,5,882.87,yes,4.0,54189.1
West,web,208,96.75,15,2693.61,no,4.2,28797.09
East,marketplace,80,79.99,0,84.83,no,2.8,5214.22
North,web,164,65.27,5,654.44,no,4.5,15928.01
North,store,217,27.48,10,2160.89,no,4.7,18110.6
North,store,305,203.0,30,2695.77,no,3.7,50186.54
East,web,323,221.1,20,2389.4,no,4.1,70530.31
East,marketplace,363,58.46,5,2214.87,no,3.7,25856.88
North,store,329,106.24,20,331.63,yes,5.0,36436.69
East,marketplace,341,19.13,20,3263.65,no,4.2,18869.76
West,store,231,153.3,30,712.62,no,3.2,33225.71
West,store,340,144.71,0,1395.98,no,4.4,60528.98
East,store,168,231.56,30,748.82,no,4.1,30301.44
West,marketplace,194,215.0,0,736.04,yes,4.0,51154.7
West,marketplace,347,163.77,10,478.02,yes,4.1,63060.09
West,marketplace,87,103.6,30,2860.68,yes,3.8,19468.99
North,store,137,78.81,20,902.62,yes,4.5,21298.17
South,marketplace,38,12.35,15,892.37,no,4.4,5140.8
South,web,249,121.99,15,1181.05,no,4.1,32398.17
South,web,193,227.95,30,1535.12,no,4.3,38697.91
East,store,326,70.37,0,822.96,no,3.8,24766.26
North,store,416,188.07,0,720.95,yes,3.9,93425.79
South,web,399,208.86,30,1792.33,no,4.0,61149.64
West,marketplace,356,13.23,20,742.29,no,3.5,7418.45
West,store,170,172.18,10,1459.15,no,4.7,35537.32
North,web,353,192.24,10,1655.22,no,3.7,69360.46
South,marketplace,200,184.69,15,844.13,no,4.3,32823.48
South,web,279,28.37,5,4224.37,no,3.7,18354.94
South,web,367,72.09,0,1028.56,no,4.7,29590.89
East,web,63,225.29,30,1119.12,no,4.0,19625.1
South,web,77,11.26,5,3849.73,yes,3.8,15782.5
North,store,186,233.3,10,1617.58,yes,3.7,49385.66
South,marketplace,122,82.15,0,1003.37,yes,3.8,17702.8
South,web,310,187.27,10,1599.96,no,3.9,58505.98
South,web,339,69.41,30,2466.29,no,4.9,20042.56
South,store,347,123.27,30,2346.04,no,3.0,32648.86
East,marketplace,364,66.83,5,119.42,no,3.9,26721.67
West,store,323,119.45,10,463.19,no,3.7,44640.46
North,marketplace,378,85.4,10,3024.63,no,4.5,36241.97
North,web,99,162.5,10,7989.24,no,4.0,34634.11
West,web,436,55.46,0,1385.98,no,3.6,30417.31
North,web,287,190.59,0,713.05,no,3.5,66507.11
North,web,166,229.76,30,3557.35,no,4.1,33199.38
North,store,392,73.23,15,2006.04,yes,4.3,35623.23
East,web,147,156.6,10,286.97,yes,3.3,28456.92
East,store,84,168.85,20,986.08,no,4.4,14796.19
North,store,13,168.2,30,1066.18,no,4.8,6378.49
South,store,140,101.03,0,1720.59,no,4.3,20234.02
North,store,170,128.71,20,3287.29,no,4.9,28065.67
North,web,13,139.95,30,699.37,no,3.8,5243.58
West,marketplace,229,214.09,0,1465.44,no,4.5,59148.57
West,store,145,142.94,5,1863.62,no,3.3,26077.6
East,marketplace,233,115.97,20,3222.14,no,4.5,31182.9
West,marketplace,29,207.21,5,2276.15,no,4.9,12517.98
South,store,35,177.19,30,3419.43,no,4.6,11989.44
North,web,348,117.38,5,433.94,no,4.4,44767.39
South,store,94,191.61,15,2221.37,yes,4.8,28132.61
North,web,423,235.54,15,184.59,yes,4.4,104227.84
East,web,414,99.12,15,1756.36,no,2.9,40795.47
East,store,282,9.86,10,1704.13,yes,4.4,10007.75
West,store,337,83.35,5,888.37,no,4.7,33171.43
West,store,151,152.92,0,1313.43,no,4.9,31563.25
West,web,291,33.56,15,2675.74,yes,3.0,24422.22
East,store,239,105.12,10,1383.95,no,5.0,29209.66
West,store,160,179.79,0,656.95,no,4.3,37850.12
West,store,391,43.38,30,1437.67,no,4.1,15951.12
North,web,123,125.83,5,2116.23,no,5.0,28285.2
East,web,56,185.72,0,1530.02,yes,4.1,17840.09
North,store,92,83.08,20,597.3,no,4.4,9568.07
East,marketplace,348,62.05,0,325.15,no,3.6,22545.74
North,web,61,72.39,30,2603.16,no,3.5,10351.93
South,store,358,129.66,30,2773.36,yes,3.1,43116.51
East,store,262,40.92,15,188.76,no,4.7,13673.6
South,marketplace,286,112.88,30,136.75,no,4.6,23382.23
South,store,359,11.57,15,1193.66,no,4.8,7231.59
East,store,308,164.07,30,2215.83,no,3.8,46449.55
South,store,386,109.62,10,1184.5,yes,3.9,43723.85
West,web,74,222.55,5,3894.13,no,4.3,30062.39
West,web,166,51.45,10,4806.19,yes,4.3,24924.38
South,store,390,107.0,20,2602.95,no,3.5,41124.33
North,store,83,117.38,20,1240.53,no,4.2,15735.73
East,store,303,142.11,20,2187.9,no,3.6,40080.15
South,web,226,154.68,10,1201.56,no,5.0,38915.71
South,marketplace,222,92.31,30,1608.96,no,4.1,20029.24
West,store,284,193.44,5,984.41,no,3.7,61289.65
North,marketplace,294,163.04,20,3092.19,no,3.3,50424.31
West,store,433,209.29,0,645.68,no,3.6,104830.07
North,web,223,95.8,30,3351.03,no,4.1,28483.24
North,marketplace,206,119.01,10,786.18,no,3.3,29477.91
East,store,28,131.07,5,2376.66,no,4.9,11227.61
North,web,145,63.94,10,1024.67,no,4.1,11887.89
West,web,212,14.78,10,2416.32,no,4.0,10532.05
East,store,234,60.02,20,818.57,no,3.7,13961.14
North,marketplace,207,116.78,5,1602.75,no,4.3,26879.8
West,store,227,175.52,0,232.96,no,5.0,49863.24
North,store,130,63.65,10,1238.25,no,4.3,16082.14
North,store,212,67.26,5,1236.21,no,4.0,22934.83
East,store,202,53.99,0,1585.22,yes,3.7,22884.76
North,web,198,79.07,15,2118.56,no,3.7,22579.32
South,web,90,32.5,15,580.65,no,4.0,3791.02
South,marketplace,200,79.21,0,628.11,no,2.8,15787.49
North,web,307,150.22,10,231.91,no,3.8,51342.24
West,store,116,37.56,30,2488.96,no,4.5,14282.78
South,store,141,168.32,10,1534.73,no,5.0,26187.54
North,store,194,185.34,10,1096.8,no,3.1,37965.9
South,store,250,41.7,5,992.47,no,4.6,14802.86
East,store,94,165.8,15,434.3,yes,4.9,21647.71
South,web,122,167.13,30,727.2,no,3.0,16119.38
North,store,184,177.24,10,1410.16,no,4.7,37520.82
West,web,309,80.12,30,1849.0,no,4.7,24800.06
South,store,188,191.88,5,650.28,no,4.0,40424.34
West,store,293,177.05,5,2790.89,no,3.3,58694.04
West,store,129,124.34,0,2863.0,no,4.1,30825.07
South,store,257,216.33,5,2340.77,no,4.4,58377.59
East,web,223,230.43,15,1548.34,no,3.5,51390.22
South,marketplace,190,117.1,30,3015.03,yes,3.7,23531.3
South,store,132,89.48,20,2473.5,no,3.4,16661.46
North,store,264,114.67,20,129.28,no,4.9,26719.03
West,web,104,137.92,15,379.63,no,3.6,17881.61
North,store,28,181.74,20,2366.95,no,2.9,12644.58
South,marketplace,49,58.65,15,1069.2,no,4.5,3154.74
East,store,179,97.13,20,1015.59,no,4.7,20391.64
North,web,136,74.36,20,893.81,no,4.9,11038.9
West,marketplace,439,124.67,20,1115.58,no,3.6,47358.96
North,marketplace,273,199.1,20,553.4,yes,3.9,48180.34
North,store,53,157.02,15,1684.36,no,4.8,9195.82
West,web,106,162.74,30,134.73,no,5.0,21144.61
North,store,69,75.82,5,1478.74,no,4.4,10621.24
East,web,307,34.85,10,1006.19,no,4.3,16179.79
South,marketplace,95,37.95,10,2188.11,no,3.8,10277.63
North,web,237,59.28,20,2157.84,no,3.9,19791.87
West,web,172,149.44,20,1370.63,yes,3.5,35821.22
South,store,82,177.09,0,356.71,no,4.5,18899.0
North,web,322,180.16,0,3494.69,no,3.5,76652.75
North,store,432,64.87,30,1590.23,no,4.7,26465.61
North,marketplace,76,185.21,20,968.97,no,3.7,15857.86
West,store,203,130.71,30,2444.15,no,4.4,27251.3
West,web,194,172.33,15,1708.2,no,4.0,42837.68
South,store,167,180.86,5,830.16,no,3.8,27777.77
North,marketplace,169,8.41,0,1560.25,no,4.5,3266.05
East,store,196,85.9,20,5575.96,no,4.3,25613.31
West,web,206,106.12,15,1719.06,yes,4.1,30368.08
South,store,310,185.75,20,287.4,yes,3.3,48948.02
East,store,232,61.56,0,439.5,no,3.5,18997.72
North,store,308,109.03,0,1944.58,no,4.4,40985.2
South,store,410,10.13,5,614.9,no,3.5,4395.08
West,store,251,206.03,5,1115.5,no,4.2,62539.29
South,store,141,191.94,5,2204.23,yes,3.6,36448.19
East,store,289,149.17,0,2578.92,yes,2.4,54984.58
North,store,403,64.39,30,2225.23,no,4.0,22361.35
South,store,252,127.58,30,1608.99,no,3.1,25414.34
South,store,107,84.45,30,776.4,no,3.6,13417.49
East,store,144,35.35,30,375.1,no,3.0,3655.41
South,web,313,42.44,0,1404.75,yes,4.5,26303.44
East,web,24,58.95,30,2216.07,no,4.3,7835.46
South,web,340,166.12,0,528.06,no,3.9,61788.77
West,store,236,196.66,5,858.7,no,4.2,51911.05
East,store,176,227.16,30,1447.96,no,3.7,31475.79
South,store,275,221.01,15,798.67,no,4.3,52873.58
East,marketplace,109,16.88,10,877.49,no,4.0,3993.48
South,store,353,49.06,30,1977.08,no,3.4,12415.31
South,web,210,136.35,20,650.9,no,3.2,23920.6
North,store,145,192.87,20,1931.07,no,3.3,26746.01
West,web,175,199.03,30,708.92,no,3.7,30719.86
South,web,324,132.46,30,595.23,no,4.2,32905.65
North,web,368,76.42,0,1236.59,yes,3.0,37123.92
West,web,319,40.41,15,3301.19,no,2.4,20945.28
South,store,73,139.88,15,314.16,no,3.7,11585.82
East,web,245,119.02,5,1719.99,yes,3.9,38454.77
West,web,387,163.03,10,677.22,no,3.4,73772.79
West,store,375,20.08,30,1632.1,no,3.2,9137.22
West,store,344,31.64,30,1537.31,yes,5.0,22307.54
West,web,30,159.91,0,506.54,yes,3.4,17081.65
West,store,52,55.63,20,1258.44,no,3.5,5356.55
East,web,81,9.13,30,2300.45,yes,3.5,13565.06
South,store,244,27.85,30,556.63,no,5.0,7723.9
East,store,379,205.05,0,1343.28,no,4.2,87995.26
West,store,180,191.91,30,1915.3,no,4.5,34611.02
East,store,170,98.44,20,2906.34,no,4.0,23446.38
North,marketplace,437,46.54,30,1861.04,no,3.1,20994.84
South,web,10,152.12,10,1396.68,no,3.8,9499.76
North,web,373,134.1,0,1002.8,no,3.6,58967.68
West,marketplace,31,181.33,15,393.62,no,4.3,7700.14
East,web,101,229.93,30,821.89,no,3.4,20769.74
West,store,417,76.33,30,517.15,no,3.7,30520.12
South,web,374,223.1,15,982.67,no,4.3,76869.49
West,web,265,53.13,10,438.96,no,3.2,19724.29
East,web,146,87.35,0,3679.1,no,4.1,22295.97
East,store,46,102.83,30,2213.86,no,4.7,8846.2
East,web,49,11.24,20,1118.51,yes,3.7,7593.87
South,store,80,92.55,10,606.26,no,3.2,12705.48
West,web,367,129.8,20,1729.02,no,4.6,48598.16
South,store,261,168.84,20,2170.49,no,4.3,36232.34
North,web,26,81.24,20,558.98,yes,3.8,7975.65
South,web,220,147.95,10,1263.96,no,3.8,33361.07
South,store,271,26.77,30,1519.1,no,3.1,11180.63
South,store,389,132.26,10,4318.3,no,3.2,52697.16
North,marketplace,33,204.36,30,1347.83,yes,4.2,16054.12
East,store,186,24.8,20,745.27,no,4.2,7973.97
West,web,17,229.17,0,2312.71,no,4.2,14923.19
East,web,69,157.61,20,455.84,no,4.1,14240.16
East,web,15,190.57,15,1374.38,no,3.8,10421.14
South,store,422,222.5,5,1144.48,yes,4.1,91563.34
East,store,305,67.94,5,1425.62,no,3.8,27002.87
South,marketplace,281,200.95,20,2675.81,yes,3.8,51791.3
South,web,272,83.86,30,702.06,no,4.4,21515.98
West,store,303,177.66,20,3528.14,no,4.3,58412.45
North,store,122,141.14,30,966.33,no,4.3,15411.41
North,store,184,152.96,20,1572.51,no,3.6,26720.96
West,store,156,44.94,10,403.46,no,3.4,11869.69
North,marketplace,422,211.24,0,1040.53,no,5.0,96968.68
West,web,139,239.04,10,274.99,no,4.3,37058.65
East,web,183,14.27,5,1740.51,no,2.8,5698.4
North,marketplace,45,191.17,20,570.93,no,3.9,10200.82
East,store,218,223.14,10,507.99,no,3.8,47107.65
South,marketplace,253,204.88,15,2108.08,no,5.0,45076.86
North,web,301,184.54,5,478.09,no,4.1,60933.25
West,marketplace,59,20.35,15,1320.38,no,3.9,6237.36
East,marketplace,99,117.8,15,1129.31,no,5.0,15454.61
East,web,158,45.37,20,794.48,no,3.2,5811.54
North,web,109,198.27,30,2054.13,no,4.2,24042.42
East,web,229,207.62,15,3657.0,no,4.1,52543.13
South,store,142,132.71,10,1496.02,no,4.4,17591.89
West,web,331,183.57,0,692.2,no,3.4,76884.34
North,store,28,227.14,5,765.84,no,3.7,7414.74
North,web,349,126.11,10,1118.09,no,4.2,54022.16
South,store,261,146.73,5,1338.43,yes,4.1,43685.43
South,web,10,233.57,5,2003.8,no,4.0,6791.32
South,web,85,134.1,10,2076.94,yes,3.7,19360.21
North,store,447,67.27,10,1199.98,no,3.6,37331.3
East,store,108,176.97,10,2094.8,no,4.2,21481.19
South,web,400,203.41,5,1096.54,no,2.9,79326.71
North,web,217,163.37,20,1493.3,no,3.3,35255.84
East,store,209,46.49,20,3545.74,no,3.9,13555.74
West,store,117,159.97,30,1361.32,no,2.7,14977.58
West,web,387,45.51,30,978.9,yes,3.7,23953.13
North,marketplace,223,194.73,20,1674.38,no,3.9,40494.27
North,web,263,159.24,5,1868.86,yes,3.9,55398.47
East,store,198,199.53,10,569.39,no,4.3,40140.15
South,marketplace,344,117.89,30,3348.25,no,4.5,33755.85
West,store,390,228.83,5,112.32,no,3.1,96559.51
North,web,377,33.19,20,558.08,no,4.0,15718.87
West,store,236,154.53,15,1645.97,no,3.1,39720.95
South,store,26,145.01,10,1691.68,no,4.0,6787.38
North,web,257,160.52,15,431.69,no,4.1,41291.27
East,web,95,193.52,15,2890.57,no,3.7,19484.77
East,store,141,232.33,10,2879.88,no,4.3,39699.49
South,web,292,235.97,10,982.65,no,4.3,65234.25
West,store,189,66.71,30,2611.1,no,3.6,14465.02
East,web,83,195.66,30,990.71,no,3.2,17480.69
West,web,321,220.93,20,1793.24,no,4.1,69814.21
East,store,109,172.36,30,2495.14,no,3.8,22853.03
West,web,138,121.59,20,1417.87,no,3.6,19004.05
West,store,232,235.33,20,351.68,no,4.4,46781.28
South,web,331,237.14,10,968.69,no,4.2,72900.79
West,store,133,170.36,30,1393.82,no,3.7,18283.64
South,web,97,230.42,15,1927.87,no,4.0,24451.71
West,web,124,141.52,20,887.37,no,4.9,19031.05
South,store,388,201.57,30,383.53,yes,4.0,59758.05
North,marketplace,361,83.05,15,752.61,no,3.9,32947.97
East,web,119,86.54,0,385.76,no,4.1,8114.15
West,marketplace,125,39.65,30,816.52,no,3.0,6399.65
North,store,107,50.75,15,911.15,no,4.5,11733.64
South,store,207,87.07,10,921.03,yes,3.4,23759.36
North,marketplace,92,132.96,10,135.45,yes,4.6,18668.5
West,web,406,100.93,30,3100.13,no,4.3,39081.13
South,store,117,24.47,0,1184.72,no,3.6,8278.87
West,store,169,44.37,10,321.27,yes,5.0,16833.51
East,marketplace,228,83.74,5,786.26,no,3.7,19392.58
North,store,236,9.3,15,429.53,no,3.3,6142.17
East,web,412,216.45,10,1873.99,no,4.3,95702.27
South,store,176,197.36,20,2200.07,no,4.1,30125.54
South,marketplace,148,113.96,10,1376.84,yes,3.7,23342.24
East,marketplace,270,49.22,0,2184.59,no,3.9,15231.36
East,web,421,190.28,15,2830.37,no,4.2,79963.39
West,web,294,17.23,15,2836.5,no,3.7,12096.88
North,web,100,162.5,5,2209.01,no,3.3,28793.67
East,store,29,57.34,10,1383.51,no,3.4,7897.69
North,store,389,230.08,20,1986.31,yes,4.0,87160.05
North,web,347,118.05,10,1228.63,no,3.9,47808.15
West,marketplace,82,180.45,15,1415.32,no,4.8,21498.7
South,web,368,89.21,10,3526.87,yes,3.8,36263.41
South,store,76,150.96,0,1521.06,no,3.8,18372.76
North,marketplace,89,201.52,20,670.39,yes,3.7,25355.08
West,web,180,43.56,30,539.16,no,4.9,12829.34
North,web,233,11.41,5,1459.9,no,3.5,8787.28
South,store,402,116.93,0,1013.87,no,3.4,46192.29
South,marketplace,362,72.52,0,1754.17,no,4.4,28201.39
West,web,245,97.14,10,1296.74,yes,3.7,35798.47
East,marketplace,260,170.13,15,2097.66,no,3.8,43214.54
South,store,202,181.12,30,850.72,no,4.1,34243.18
South,web,227,81.07,30,1987.8,no,3.6,20082.14
North,web,219,98.8,20,385.34,no,4.2,27018.09
North,marketplace,182,78.67,0,1753.76,no,4.2,22236.1
South,marketplace,249,128.41,15,978.33,no,3.7,24774.63
South,web,255,79.8,10,602.71,no,2.7,20990.8
East,marketplace,263,145.11,20,1500.95,yes,4.0,41321.7
North,web,252,154.72,15,1922.82,no,4.0,42267.17
South,marketplace,416,35.43,10,2718.18,no,3.8,18354.64
East,store,152,103.53,0,3291.93,no,4.7,20789.62
South,store,412,192.05,20,1883.36,no,5.0,69657.18
North,web,388,17.61,10,1279.95,no,4.5,8835.76
West,store,164,148.91,30,2382.45,no,3.4,24382.04
South,marketplace,352,225.53,0,875.57,no,3.3,71635.29
South,web,75,131.02,30,200.86,no,4.6,13490.38
West,store,157,210.4,15,2525.35,no,4.0,32419.01
South,web,101,239.8,30,241.62,no,4.7,20925.99
West,store,307,93.64,10,1023.5,no,4.5,29279.05
North,web,362,141.29,30,1543.61,no,4.4,49614.03
West,marketplace,446,27.1,20,2616.99,no,4.9,18058.28
East,web,219,196.51,15,4425.98,yes,3.1,51318.93
West,web,365,71.1,0,3706.68,no,4.4,42425.07
West,store,287,178.39,0,1210.65,no,4.4,56722.13
West,store,138,38.38,30,1785.47,yes,3.6,11840.03
South,web,408,233.68,30,1298.89,yes,3.4,75133.84
South,store,63,228.08,30,2966.14,yes,4.3,22863.92
East,store,192,149.72,0,1518.54,no,4.1,36207.11
North,web,439,20.71,30,2180.99,no,4.3,19299.23
West,store,295,222.13,15,472.11,no,3.8,64610.47
East,marketplace,67,125.58,30,393.21,no,4.3,7726.59
East,store,379,42.61,15,1288.19,yes,2.6,24794.23
West,store,233,71.75,15,1634.33,yes,4.7,27202.44
South,web,125,41.36,0,1978.06,no,4.0,16514.83
South,marketplace,431,20.48,30,807.72,yes,4.5,13093.11
South,marketplace,421,204.96,10,2283.86,no,4.3,74617.29
South,store,42,112.94,15,2276.27,no,3.9,8027.7
East,store,207,121.09,10,2007.57,yes,4.3,34441.28
South,store,137,234.14,30,2842.3,no,4.5,25690.75
East,store,88,153.42,15,1610.28,no,4.1,18799.59
West,store,377,84.09,5,484.86,no,4.0,37730.47
South,store,259,189.01,15,984.33,no,4.1,46149.72
West,web,167,135.78,15,906.02,no,3.6,27720.86
South,marketplace,390,65.75,15,2394.25,no,4.6,28309.91
North,web,64,159.4,5,1009.71,no,3.4,15454.93
West,web,361,131.63,15,2695.67,no,3.6,53046.76
South,marketplace,385,131.33,30,1563.07,no,4.5,39337.73
North,store,110,160.28,30,1704.68,no,4.6,16335.62
West,store,223,221.74,20,968.44,no,4.6,45757.19
South,store,348,215.85,15,2574.79,yes,4.4,71829.93
North,store,225,171.43,15,2342.95,no,3.8,42317.11
North,store,144,47.15,5,1801.31,no,4.6,14425.68
